path,burst_id,has_animal,label,labelled_by,labelled_at,notes
MEDIA/MEDIA/00000000/IMAGES.000/59200870.JPG,IMAGES.000/59200870,0,empty,victor,2026-09-26T08:09:09+00:00,
MEDIA/MEDIA/00000000/IMAGES.000/59200920.JPG,IMAGES.000/59200920,0,empty,victor,2026-09-26T08:09:10+00:00,
MEDIA/MEDIA/00000000/IMAGES.000/59200950.JPG,IMAGES.000/59200920,0,empty,victor,2026-09-26T08:09:11+00:00,
MEDIA/MEDIA/00000000/IMAGES.000/59200A10.JPG,IMAGES.000/59200A10,0,empty,victor,2026-09-26T08:09:12+00:00,
MEDIA/MEDIA/00000000/IMAGES.000/59200AF0.JPG,IMAGES.000/59200AF0,0,empty,victor,2026-09-26T08:09:13+00:00,
MEDIA/MEDIA/00000000/IMAGES.000/A2243CA0.JPG,IMAGES.000/A2243CA0,0,empty,victor,2026-09-26T08:09:13+00:00,
MEDIA/MEDIA/00000000/IMAGES.000/A237DC80.JPG,IMAGES.000/A237DC80,0,empty,victor,2026-09-26T08:09:14+00:00,
MEDIA/MEDIA/00000000/IMAGES.000/A237DD80.JPG,IMAGES.000/A237DD80,0,empty,victor,2026-09-26T08:09:14+00:00,
MEDIA/MEDIA/00000000/IMAGES.000/A237DE50.JPG,IMAGES.000/A237DE50,0,empty,victor,2026-09-26T08:09:15+00:00,
MEDIA/MEDIA/00000000/IMAGES.000/A23846F0.JPG,IMAGES.000/A23846F0,0,empty,victor,2026-09-26T08:09:15+00:00,
MEDIA/MEDIA/00000000/IMAGES.000/A23850C0.JPG,IMAGES.000/A23850C0,0,empty,victor,2026-09-26T08:09:15+00:00,
MEDIA/MEDIA/00000000/IMAGES.000/A23B41A0.JPG,IMAGES.000/A23B41A0,0,empty,victor,2026-09-26T08:09:16+00:00,
MEDIA/MEDIA/00000000/IMAGES.000/A23B4290.JPG,IMAGES.000/A23B4290,0,empty,victor,2026-09-26T08:09:17+00:00,
MEDIA/MEDIA/00000000/IMAGES.000/A250DE10.JPG,IMAGES.000/A250DE10,0,empty,victor,2026-09-26T08:09:18+00:00,
MEDIA/MEDIA/00000000/IMAGES.000/A27A5E40.JPG,IMAGES.000/A27A5E40,0,empty,victor,2026-09-26T08:09:18+00:00,
MEDIA/MEDIA/77144751/IMAGES.000/A27A9580.JPG,IMAGES.000/A27A9580,0,empty,victor,2026-09-26T08:09:19+00:00,
MEDIA_VICTOR_090626/MEDIA/00000000/IMAGES.000/A27ACD90.JPG,IMAGES.000/A27ACD90,,person,victor,2026-09-29T06:30:47+00:00,person-detection test frame; relabelled 2026-09-30 from animal
MEDIA_VICTOR_090626/MEDIA/00000000/IMAGES.000/A27ACDE0.JPG,IMAGES.000/A27ACD90,,person,victor,2026-09-29T06:30:47+00:00,person-detection test frame; relabelled 2026-09-30 from animal
MEDIA_VICTOR_090626/MEDIA/00000000/IMAGES.000/A27AE920.JPG,IMAGES.000/A27AE920,,person,victor,2026-09-29T06:30:47+00:00,person-detection test frame; relabelled 2026-09-30 from animal
MEDIA_VICTOR_090626/MEDIA/00000000/IMAGES.000/A27AE970.JPG,IMAGES.000/A27AE920,,person,victor,2026-09-29T06:30:47+00:00,person-detection test frame; relabelled 2026-09-30 from animal
MEDIA_VICTOR_090626/MEDIA/00000000/IMAGES.000/A27AE9C0.JPG,IMAGES.000/A27AE920,,person,victor,2026-09-29T06:30:47+00:00,person-detection test frame; relabelled 2026-09-30 from animal
MEDIA_VICTOR_090626/MEDIA/00000000/IMAGES.000/A27AEA10.JPG,IMAGES.000/A27AE920,,person,victor,2026-09-29T06:30:47+00:00,person-detection test frame; relabelled 2026-09-30 from animal
MEDIA_VICTOR_090626/MEDIA/00000000/IMAGES.000/A27AEA60.JPG,IMAGES.000/A27AE920,,person,victor,2026-09-29T06:30:47+00:00,person-detection test frame; relabelled 2026-09-30 from animal
MEDIA_VICTOR_090626/MEDIA/00000000/IMAGES.000/A27ACDA0.BMP,IMAGES.000/A27ACDA0,,person,victor,2026-09-29T06:30:47+00:00,person-detection test frame; relabelled 2026-09-30 from animal
MEDIA_VICTOR_090626/MEDIA/00000000/IMAGES.000/A27ACDF0.BMP,IMAGES.000/A27ACDA0,,person,victor,2026-09-29T06:30:47+00:00,person-detection test frame; relabelled 2026-09-30 from animal
MEDIA_VICTOR_090626/MEDIA/00000000/IMAGES.000/A27AE930.BMP,IMAGES.000/A27AE930,,person,victor,2026-09-29T06:30:47+00:00,person-detection test frame; relabelled 2026-09-30 from animal
MEDIA_VICTOR_090626/MEDIA/00000000/IMAGES.000/A27AE980.BMP,IMAGES.000/A27AE930,,person,victor,2026-09-29T06:30:47+00:00,person-detection test frame; relabelled 2026-09-30 from animal
MEDIA_VICTOR_090626/MEDIA/00000000/IMAGES.000/A27AE9D0.BMP,IMAGES.000/A27AE930,,person,victor,2026-09-29T06:30:47+00:00,person-detection test frame; relabelled 2026-09-30 from animal
MEDIA_VICTOR_090626/MEDIA/00000000/IMAGES.000/A27AEA20.BMP,IMAGES.000/A27AE930,,person,victor,2026-09-29T06:30:47+00:00,person-detection test frame; relabelled 2026-09-30 from animal
MEDIA_VICTOR_090626/MEDIA/00000000/IMAGES.000/A27AEA70.BMP,IMAGES.000/A27AE930,,person,victor,2026-09-29T06:30:47+00:00,person-detection test frame; relabelled 2026-09-30 from animal
MEDIA_VICTOR_090626/MEDIA/5452A108/IMAGES.000/A27AE1F0.JPG,IMAGES.000/A27AE1F0,,person,victor,2026-09-29T06:30:47+00:00,person-detection test frame; relabelled 2026-09-30 from animal
MEDIA_VICTOR_090626/MEDIA/5452A108/IMAGES.000/A27AE270.JPG,IMAGES.000/A27AE1F0,,person,victor,2026-09-29T06:30:47+00:00,person-detection test frame; relabelled 2026-09-30 from animal
MEDIA_VICTOR_090626/MEDIA/5452A108/IMAGES.000/A27AE2C0.JPG,IMAGES.000/A27AE1F0,,person,victor,2026-09-29T06:30:47+00:00,person-detection test frame; relabelled 2026-09-30 from animal
MEDIA_VICTOR_090626/MEDIA/5452A108/IMAGES.000/A27AE310.JPG,IMAGES.000/A27AE1F0,,person,victor,2026-09-29T06:30:47+00:00,person-detection test frame; relabelled 2026-09-30 from animal
MEDIA_VICTOR_090626/MEDIA/5452A108/IMAGES.000/A27AE360.JPG,IMAGES.000/A27AE1F0,,person,victor,2026-09-29T06:30:47+00:00,person-detection test frame; relabelled 2026-09-30 from animal
MEDIA_VICTOR_090626/MEDIA/5452A108/IMAGES.000/A27AE3B0.JPG,IMAGES.000/A27AE1F0,,person,victor,2026-09-29T06:30:47+00:00,person-detection test frame; relabelled 2026-09-30 from animal
MEDIA_VICTOR_090626/MEDIA/5452A108/IMAGES.000/A27AE400.JPG,IMAGES.000/A27AE1F0,,person,victor,2026-09-29T06:30:47+00:00,person-detection test frame; relabelled 2026-09-30 from animal
MEDIA_VICTOR_090626/MEDIA/5452A108/IMAGES.000/A27AE450.JPG,IMAGES.000/A27AE1F0,,person,victor,2026-09-29T06:30:47+00:00,person-detection test frame; relabelled 2026-09-30 from animal
MEDIA_VICTOR_090626/MEDIA/5452A108/IMAGES.000/A27AE4A0.JPG,IMAGES.000/A27AE1F0,,person,victor,2026-09-29T06:30:47+00:00,person-detection test frame; relabelled 2026-09-30 from animal
MEDIA_VICTOR_090626/MEDIA/5452A108/IMAGES.000/A27AE4F0.JPG,IMAGES.000/A27AE1F0,,person,victor,2026-09-29T06:30:47+00:00,person-detection test frame; relabelled 2026-09-30 from animal
MEDIA_VICTOR_090626/MEDIA/5452A108/IMAGES.000/A27AE540.JPG,IMAGES.000/A27AE1F0,,person,victor,2026-09-29T06:30:47+00:00,person-detection test frame; relabelled 2026-09-30 from animal
MEDIA_VICTOR_090626/MEDIA/5452A108/IMAGES.000/A27AE590.JPG,IMAGES.000/A27AE1F0,,person,victor,2026-09-29T06:30:47+00:00,person-detection test frame; relabelled 2026-09-30 from animal
MEDIA_VICTOR_090626/MEDIA/5452A108/IMAGES.000/A27AE620.JPG,IMAGES.000/A27AE1F0,,person,victor,2026-09-29T06:30:47+00:00,person-detection test frame; relabelled 2026-09-30 from animal
MEDIA_VICTOR_090626/MEDIA/5452A108/IMAGES.000/A27AE670.JPG,IMAGES.000/A27AE1F0,,person,victor,2026-09-29T06:30:47+00:00,person-detection test frame; relabelled 2026-09-30 from animal
MEDIA_VICTOR_090626/MEDIA/5452A108/IMAGES.000/A27AE6C0.JPG,IMAGES.000/A27AE1F0,,person,victor,2026-09-29T06:30:47+00:00,person-detection test frame; relabelled 2026-09-30 from animal
MEDIA_VICTOR_090626/MEDIA/5452A108/IMAGES.000/A27AE710.JPG,IMAGES.000/A27AE1F0,,person,victor,2026-09-29T06:30:47+00:00,person-detection test frame; relabelled 2026-09-30 from animal
MEDIA_VICTOR_090626/MEDIA/5452A108/IMAGES.000/A27AE760.JPG,IMAGES.000/A27AE1F0,,person,victor,2026-09-29T06:30:47+00:00,person-detection test frame; relabelled 2026-09-30 from animal
MEDIA_VICTOR_090626/MEDIA/5452A108/IMAGES.000/A27AE7B0.JPG,IMAGES.000/A27AE1F0,0,empty,victor,2026-09-26T08:09:46+00:00,
MEDIA_VICTOR_090626/MEDIA/5452A108/IMAGES.000/A27AE800.JPG,IMAGES.000/A27AE1F0,,person,victor,2026-09-29T06:30:47+00:00,person-detection test frame; relabelled 2026-09-30 from animal
MEDIA_VICTOR_090626/MEDIA/5452A108/IMAGES.000/A27AE850.JPG,IMAGES.000/A27AE1F0,,person,victor,2026-09-29T06:30:47+00:00,person-detection test frame; relabelled 2026-09-30 from animal
MEDIA_VICTOR_090626/MEDIA/5452A108/IMAGES.000/A27AE8A0.JPG,IMAGES.000/A27AE1F0,,person,victor,2026-09-29T06:30:47+00:00,person-detection test frame; relabelled 2026-09-30 from animal
MEDIA_VICTOR_090626/MEDIA/5452A108/IMAGES.000/A27AE200.BMP,IMAGES.000/A27AE200,,person,victor,2026-09-29T06:30:47+00:00,person-detection test frame; relabelled 2026-09-30 from animal
MEDIA_VICTOR_090626/MEDIA/5452A108/IMAGES.000/A27AE280.BMP,IMAGES.000/A27AE200,,person,victor,2026-09-29T06:30:47+00:00,person-detection test frame; relabelled 2026-09-30 from animal
MEDIA_VICTOR_090626/MEDIA/5452A108/IMAGES.000/A27AE2D0.BMP,IMAGES.000/A27AE200,,person,victor,2026-09-29T06:30:47+00:00,person-detection test frame; relabelled 2026-09-30 from animal
MEDIA_VICTOR_090626/MEDIA/5452A108/IMAGES.000/A27AE320.BMP,IMAGES.000/A27AE200,,person,victor,2026-09-29T06:30:47+00:00,person-detection test frame; relabelled 2026-09-30 from animal
MEDIA_VICTOR_090626/MEDIA/5452A108/IMAGES.000/A27AE370.BMP,IMAGES.000/A27AE200,,person,victor,2026-09-29T06:30:47+00:00,person-detection test frame; relabelled 2026-09-30 from animal
MEDIA_VICTOR_090626/MEDIA/5452A108/IMAGES.000/A27AE3C0.BMP,IMAGES.000/A27AE200,,person,victor,2026-09-29T06:30:47+00:00,person-detection test frame; relabelled 2026-09-30 from animal
MEDIA_VICTOR_090626/MEDIA/5452A108/IMAGES.000/A27AE410.BMP,IMAGES.000/A27AE200,,person,victor,2026-09-29T06:30:47+00:00,person-detection test frame; relabelled 2026-09-30 from animal
MEDIA_VICTOR_090626/MEDIA/5452A108/IMAGES.000/A27AE460.BMP,IMAGES.000/A27AE200,,person,victor,2026-09-29T06:30:47+00:00,person-detection test frame; relabelled 2026-09-30 from animal
MEDIA_VICTOR_090626/MEDIA/5452A108/IMAGES.000/A27AE4B0.BMP,IMAGES.000/A27AE200,,person,victor,2026-09-29T06:30:47+00:00,person-detection test frame; relabelled 2026-09-30 from animal
MEDIA_VICTOR_090626/MEDIA/5452A108/IMAGES.000/A27AE500.BMP,IMAGES.000/A27AE200,,person,victor,2026-09-29T06:30:47+00:00,person-detection test frame; relabelled 2026-09-30 from animal
MEDIA_VICTOR_090626/MEDIA/5452A108/IMAGES.000/A27AE550.BMP,IMAGES.000/A27AE200,,person,victor,2026-09-29T06:30:47+00:00,person-detection test frame; relabelled 2026-09-30 from animal
MEDIA_VICTOR_090626/MEDIA/5452A108/IMAGES.000/A27AE5A0.BMP,IMAGES.000/A27AE200,,person,victor,2026-09-29T06:30:47+00:00,person-detection test frame; relabelled 2026-09-30 from animal
MEDIA_VICTOR_090626/MEDIA/5452A108/IMAGES.000/A27AE630.BMP,IMAGES.000/A27AE200,,person,victor,2026-09-29T06:30:47+00:00,person-detection test frame; relabelled 2026-09-30 from animal
MEDIA_VICTOR_090626/MEDIA/5452A108/IMAGES.000/A27AE680.BMP,IMAGES.000/A27AE200,,person,victor,2026-09-29T06:30:47+00:00,person-detection test frame; relabelled 2026-09-30 from animal
MEDIA_VICTOR_090626/MEDIA/5452A108/IMAGES.000/A27AE6D0.BMP,IMAGES.000/A27AE200,,person,victor,2026-09-29T06:30:47+00:00,person-detection test frame; relabelled 2026-09-30 from animal
MEDIA_VICTOR_090626/MEDIA/5452A108/IMAGES.000/A27AE720.BMP,IMAGES.000/A27AE200,,person,victor,2026-09-29T06:30:47+00:00,person-detection test frame; relabelled 2026-09-30 from animal
MEDIA_VICTOR_090626/MEDIA/5452A108/IMAGES.000/A27AE770.BMP,IMAGES.000/A27AE200,,person,victor,2026-09-29T06:30:47+00:00,person-detection test frame; relabelled 2026-09-30 from animal
MEDIA_VICTOR_090626/MEDIA/5452A108/IMAGES.000/A27AE7C0.BMP,IMAGES.000/A27AE200,0,empty,victor,2026-09-26T08:09:57+00:00,
MEDIA_VICTOR_090626/MEDIA/5452A108/IMAGES.000/A27AE810.BMP,IMAGES.000/A27AE200,,person,victor,2026-09-29T06:30:47+00:00,person-detection test frame; relabelled 2026-09-30 from animal
MEDIA_VICTOR_090626/MEDIA/5452A108/IMAGES.000/A27AE860.BMP,IMAGES.000/A27AE200,,person,victor,2026-09-29T06:30:47+00:00,person-detection test frame; relabelled 2026-09-30 from animal
MEDIA_VICTOR_090626/MEDIA/5452A108/IMAGES.000/A27AE8B0.BMP,IMAGES.000/A27AE200,,person,victor,2026-09-29T06:30:47+00:00,person-detection test frame; relabelled 2026-09-30 from animal
MEDIA_VICTOR_090626/MEDIA/B2CE00E2/IMAGES.000/A27AC870.JPG,IMAGES.000/A27AC870,,person,victor,2026-09-29T06:30:47+00:00,person-detection test frame; relabelled 2026-09-30 from animal
MEDIA_VICTOR_090626/MEDIA/B2CE00E2/IMAGES.000/A27AC8E0.JPG,IMAGES.000/A27AC870,,person,victor,2026-09-29T06:30:47+00:00,person-detection test frame; relabelled 2026-09-30 from animal
MEDIA_VICTOR_090626/MEDIA/B2CE00E2/IMAGES.000/A27AC930.JPG,IMAGES.000/A27AC870,,person,victor,2026-09-29T06:30:47+00:00,person-detection test frame; relabelled 2026-09-30 from animal
MEDIA_VICTOR_090626/MEDIA/B2CE00E2/IMAGES.000/A27AC980.JPG,IMAGES.000/A27AC870,,person,victor,2026-09-29T06:30:47+00:00,person-detection test frame; relabelled 2026-09-30 from animal
MEDIA_VICTOR_090626/MEDIA/B2CE00E2/IMAGES.000/A27AC9D0.JPG,IMAGES.000/A27AC870,,person,victor,2026-09-29T06:30:47+00:00,person-detection test frame; relabelled 2026-09-30 from animal
MEDIA_VICTOR_090626/MEDIA/B2CE00E2/IMAGES.000/A27ACA20.JPG,IMAGES.000/A27AC870,,person,victor,2026-09-29T06:30:47+00:00,person-detection test frame; relabelled 2026-09-30 from animal
MEDIA_VICTOR_090626/MEDIA/B2CE00E2/IMAGES.000/A27ACA70.JPG,IMAGES.000/A27AC870,,person,victor,2026-09-29T06:30:47+00:00,person-detection test frame; relabelled 2026-09-30 from animal
MEDIA_VICTOR_090626/MEDIA/B2CE00E2/IMAGES.000/A27ACAC0.JPG,IMAGES.000/A27AC870,,person,victor,2026-09-29T06:30:47+00:00,person-detection test frame; relabelled 2026-09-30 from animal
MEDIA_VICTOR_090626/MEDIA/B2CE00E2/IMAGES.000/A27ACB10.JPG,IMAGES.000/A27AC870,,person,victor,2026-09-29T06:30:47+00:00,person-detection test frame; relabelled 2026-09-30 from animal
MEDIA_VICTOR_090626/MEDIA/B2CE00E2/IMAGES.000/A27ACB60.JPG,IMAGES.000/A27AC870,,person,victor,2026-09-29T06:30:47+00:00,person-detection test frame; relabelled 2026-09-30 from animal
MEDIA_VICTOR_090626/MEDIA/B2CE00E2/IMAGES.000/A27ACBB0.JPG,IMAGES.000/A27AC870,,person,victor,2026-09-29T06:30:47+00:00,person-detection test frame; relabelled 2026-09-30 from animal
MEDIA_VICTOR_090626/MEDIA/B2CE00E2/IMAGES.000/A27ACC00.JPG,IMAGES.000/A27AC870,,person,victor,2026-09-29T06:30:47+00:00,person-detection test frame; relabelled 2026-09-30 from animal
MEDIA_VICTOR_090626/MEDIA/B2CE00E2/IMAGES.000/A27ACC90.JPG,IMAGES.000/A27AC870,,person,victor,2026-09-29T06:30:47+00:00,person-detection test frame; relabelled 2026-09-30 from animal
MEDIA_VICTOR_090626/MEDIA/B2CE00E2/IMAGES.000/A27ACCE0.JPG,IMAGES.000/A27AC870,,person,victor,2026-09-29T06:30:47+00:00,person-detection test frame; relabelled 2026-09-30 from animal
MEDIA_VICTOR_090626/MEDIA/B2CE00E2/IMAGES.000/A27AC871.BMP,IMAGES.000/A27AC871,,person,victor,2026-09-29T06:30:47+00:00,person-detection test frame; relabelled 2026-09-30 from animal
MEDIA_VICTOR_090626/MEDIA/B2CE00E2/IMAGES.000/A27AC8F0.BMP,IMAGES.000/A27AC871,,person,victor,2026-09-29T06:30:47+00:00,person-detection test frame; relabelled 2026-09-30 from animal
MEDIA_VICTOR_090626/MEDIA/B2CE00E2/IMAGES.000/A27AC940.BMP,IMAGES.000/A27AC871,,person,victor,2026-09-29T06:30:47+00:00,person-detection test frame; relabelled 2026-09-30 from animal
MEDIA_VICTOR_090626/MEDIA/B2CE00E2/IMAGES.000/A27AC990.BMP,IMAGES.000/A27AC871,,person,victor,2026-09-29T06:30:47+00:00,person-detection test frame; relabelled 2026-09-30 from animal
MEDIA_VICTOR_090626/MEDIA/B2CE00E2/IMAGES.000/A27AC9E0.BMP,IMAGES.000/A27AC871,,person,victor,2026-09-29T06:30:47+00:00,person-detection test frame; relabelled 2026-09-30 from animal
MEDIA_VICTOR_090626/MEDIA/B2CE00E2/IMAGES.000/A27ACA30.BMP,IMAGES.000/A27AC871,,person,victor,2026-09-29T06:30:47+00:00,person-detection test frame; relabelled 2026-09-30 from animal
MEDIA_VICTOR_090626/MEDIA/B2CE00E2/IMAGES.000/A27ACA80.BMP,IMAGES.000/A27AC871,,person,victor,2026-09-29T06:30:47+00:00,person-detection test frame; relabelled 2026-09-30 from animal
MEDIA_VICTOR_090626/MEDIA/B2CE00E2/IMAGES.000/A27ACAD0.BMP,IMAGES.000/A27AC871,,person,victor,2026-09-29T06:30:47+00:00,person-detection test frame; relabelled 2026-09-30 from animal
MEDIA_VICTOR_090626/MEDIA/B2CE00E2/IMAGES.000/A27ACB20.BMP,IMAGES.000/A27AC871,,person,victor,2026-09-29T06:30:47+00:00,person-detection test frame; relabelled 2026-09-30 from animal
MEDIA_VICTOR_090626/MEDIA/B2CE00E2/IMAGES.000/A27ACB70.BMP,IMAGES.000/A27AC871,,person,victor,2026-09-29T06:30:47+00:00,person-detection test frame; relabelled 2026-09-30 from animal
MEDIA_VICTOR_090626/MEDIA/B2CE00E2/IMAGES.000/A27ACBC0.BMP,IMAGES.000/A27AC871,,person,victor,2026-09-29T06:30:47+00:00,person-detection test frame; relabelled 2026-09-30 from animal
MEDIA_VICTOR_090626/MEDIA/B2CE00E2/IMAGES.000/A27ACC10.BMP,IMAGES.000/A27AC871,,person,victor,2026-09-29T06:30:47+00:00,person-detection test frame; relabelled 2026-09-30 from animal
MEDIA_VICTOR_090626/MEDIA/B2CE00E2/IMAGES.000/A27ACCA0.BMP,IMAGES.000/A27AC871,,person,victor,2026-09-29T06:30:47+00:00,person-detection test frame; relabelled 2026-09-30 from animal
MEDIA_VICTOR_090626/MEDIA/B2CE00E2/IMAGES.000/A27ACCF0.BMP,IMAGES.000/A27AC871,,person,victor,2026-09-29T06:30:47+00:00,person-detection test frame; relabelled 2026-09-30 from animal
Tommy_WW_Tests/TL011861.JPG,Tommy_WW_Tests/TL011861,0,empty,victor,2026-09-26T08:10:11+00:00,
Tommy_WW_Tests/TL011862.JPG,Tommy_WW_Tests/TL011862,0,empty,victor,2026-09-26T08:10:12+00:00,
Tommy_WW_Tests/TL011863.JPG,Tommy_WW_Tests/TL011862,0,empty,victor,2026-09-26T08:10:12+00:00,
Tommy_WW_Tests/TL011864.JPG,Tommy_WW_Tests/TL011862,0,empty,victor,2026-09-26T08:10:12+00:00,
Tommy_WW_Tests/TL011865.JPG,Tommy_WW_Tests/TL011865,0,empty,victor,2026-09-26T08:10:14+00:00,
Tommy_WW_Tests/TL011866.JPG,Tommy_WW_Tests/TL011866,0,empty,victor,2026-09-26T08:10:14+00:00,
Tommy_WW_Tests/TL011867.JPG,Tommy_WW_Tests/TL011866,0,empty,victor,2026-09-26T08:10:15+00:00,
Tommy_WW_Tests/TL011868.JPG,Tommy_WW_Tests/TL011866,0,empty,victor,2026-09-26T08:10:15+00:00,
Tommy_WW_Tests/MD011869.JPG,Tommy_WW_Tests/MD011869,0,empty,victor,2026-09-26T08:10:15+00:00,
Tommy_WW_Tests/MD011870.JPG,Tommy_WW_Tests/MD011869,0,empty,victor,2026-09-26T08:10:16+00:00,
Tommy_WW_Tests/MD011871.JPG,Tommy_WW_Tests/MD011869,0,empty,victor,2026-09-26T08:10:16+00:00,
Tommy_WW_Tests/MD011872.JPG,Tommy_WW_Tests/MD011869,0,empty,victor,2026-09-26T08:10:17+00:00,
Tommy_WW_Tests/MD011873.JPG,Tommy_WW_Tests/MD011869,0,empty,victor,2026-09-26T08:10:17+00:00,
Tommy_WW_Tests/MD011874.JPG,Tommy_WW_Tests/MD011874,0,empty,victor,2026-09-26T08:10:18+00:00,
Tommy_WW_Tests/MD011875.JPG,Tommy_WW_Tests/MD011874,0,empty,victor,2026-09-26T08:10:18+00:00,
Tommy_WW_Tests/MD011876.JPG,Tommy_WW_Tests/MD011874,0,empty,victor,2026-09-26T08:10:19+00:00,
Tommy_WW_Tests/MD011877.JPG,Tommy_WW_Tests/MD011874,0,empty,victor,2026-09-26T08:10:19+00:00,
Tommy_WW_Tests/MD011878.JPG,Tommy_WW_Tests/MD011874,0,empty,victor,2026-09-26T08:10:19+00:00,
Tommy_WW_Tests/MD011879.JPG,Tommy_WW_Tests/MD011874,0,empty,victor,2026-09-26T08:10:20+00:00,
Tommy_WW_Tests/MD011880.JPG,Tommy_WW_Tests/MD011874,0,empty,victor,2026-09-26T08:10:20+00:00,
Tommy_WW_Tests/MD011881.JPG,Tommy_WW_Tests/MD011874,0,empty,victor,2026-09-26T08:10:21+00:00,
Tommy_WW_Tests/MD011882.JPG,Tommy_WW_Tests/MD011874,0,empty,victor,2026-09-26T08:10:21+00:00,
Tommy_WW_Tests/MD011883.JPG,Tommy_WW_Tests/MD011874,0,empty,victor,2026-09-26T08:10:21+00:00,
Tommy_WW_Tests/MD011884.JPG,Tommy_WW_Tests/MD011874,0,empty,victor,2026-09-26T08:10:22+00:00,
Tommy_WW_Tests/MD011885.JPG,Tommy_WW_Tests/MD011874,0,empty,victor,2026-09-26T08:10:22+00:00,
Tommy_WW_Tests/MD011886.JPG,Tommy_WW_Tests/MD011886,0,empty,victor,2026-09-26T08:10:22+00:00,
Tommy_WW_Tests/MD011887.JPG,Tommy_WW_Tests/MD011886,0,empty,victor,2026-09-26T08:10:23+00:00,
Tommy_WW_Tests/MD011888.JPG,Tommy_WW_Tests/MD011886,0,empty,victor,2026-09-26T08:10:23+00:00,
Tommy_WW_Tests/MD011889.JPG,Tommy_WW_Tests/MD011886,0,empty,victor,2026-09-26T08:10:23+00:00,
Tommy_WW_Tests/MD011890.JPG,Tommy_WW_Tests/MD011886,0,empty,victor,2026-09-26T08:10:24+00:00,
Tommy_WW_Tests/MD011891.JPG,Tommy_WW_Tests/MD011886,0,empty,victor,2026-09-26T08:10:24+00:00,
Tommy_WW_Tests/MD011892.JPG,Tommy_WW_Tests/MD011886,0,empty,victor,2026-09-26T08:10:24+00:00,
Tommy_WW_Tests/MD011893.JPG,Tommy_WW_Tests/MD011886,0,empty,victor,2026-09-26T08:10:25+00:00,
Tommy_WW_Tests/MD011894.JPG,Tommy_WW_Tests/MD011886,0,empty,victor,2026-09-26T08:10:25+00:00,
Tommy_WW_Tests/MD011895.JPG,Tommy_WW_Tests/MD011886,0,empty,victor,2026-09-26T08:10:25+00:00,
Tommy_WW_Tests/MD011896.JPG,Tommy_WW_Tests/MD011886,0,empty,victor,2026-09-26T08:10:26+00:00,
Tommy_WW_Tests/MD011897.JPG,Tommy_WW_Tests/MD011886,0,empty,victor,2026-09-26T08:10:26+00:00,
Tommy_WW_Tests/MD011898.JPG,Tommy_WW_Tests/MD011886,0,empty,victor,2026-09-26T08:10:26+00:00,
Tommy_WW_Tests/MD011899.JPG,Tommy_WW_Tests/MD011886,0,empty,victor,2026-09-26T08:10:27+00:00,
Tommy_WW_Tests/MD011900.JPG,Tommy_WW_Tests/MD011886,0,empty,victor,2026-09-26T08:10:27+00:00,
Tommy_WW_Tests/MD011901.JPG,Tommy_WW_Tests/MD011886,0,empty,victor,2026-09-26T08:10:28+00:00,
Tommy_WW_Tests/MD011902.JPG,Tommy_WW_Tests/MD011886,0,empty,victor,2026-09-26T08:10:28+00:00,
Tommy_WW_Tests/MD011903.JPG,Tommy_WW_Tests/MD011886,0,empty,victor,2026-09-26T08:10:28+00:00,
Tommy_WW_Tests/MD011904.JPG,Tommy_WW_Tests/MD011886,0,empty,victor,2026-09-26T08:10:29+00:00,
Tommy_WW_Tests/MD011905.JPG,Tommy_WW_Tests/MD011886,0,empty,victor,2026-09-26T08:10:29+00:00,
Tommy_WW_Tests/MD011906.JPG,Tommy_WW_Tests/MD011906,0,empty,victor,2026-09-26T08:10:29+00:00,
Tommy_WW_Tests/MD011907.JPG,Tommy_WW_Tests/MD011906,0,empty,victor,2026-09-26T08:10:30+00:00,
Tommy_WW_Tests/MD011908.JPG,Tommy_WW_Tests/MD011906,0,empty,victor,2026-09-26T08:10:30+00:00,
Tommy_WW_Tests/MD011909.JPG,Tommy_WW_Tests/MD011906,0,empty,victor,2026-09-26T08:10:30+00:00,
Tommy_WW_Tests/MD011910.JPG,Tommy_WW_Tests/MD011910,0,empty,victor,2026-09-26T08:10:31+00:00,
Tommy_WW_Tests/MD011911.JPG,Tommy_WW_Tests/MD011910,0,empty,victor,2026-09-26T08:10:31+00:00,
Tommy_WW_Tests/MD011912.JPG,Tommy_WW_Tests/MD011910,0,empty,victor,2026-09-26T08:10:32+00:00,
Tommy_WW_Tests/MD011913.JPG,Tommy_WW_Tests/MD011910,0,empty,victor,2026-09-26T08:10:32+00:00,
Tommy_WW_Tests/MD011914.JPG,Tommy_WW_Tests/MD011910,0,empty,victor,2026-09-26T08:10:32+00:00,
Tommy_WW_Tests/MD011915.JPG,Tommy_WW_Tests/MD011910,0,empty,victor,2026-09-26T08:10:33+00:00,
Tommy_WW_Tests/MD011916.JPG,Tommy_WW_Tests/MD011916,0,empty,victor,2026-09-26T08:10:33+00:00,
Tommy_WW_Tests/MD011917.JPG,Tommy_WW_Tests/MD011916,0,empty,victor,2026-09-26T08:10:33+00:00,
Tommy_WW_Tests/MD011918.JPG,Tommy_WW_Tests/MD011916,0,empty,victor,2026-09-26T08:10:34+00:00,
Tommy_WW_Tests/MD011919.JPG,Tommy_WW_Tests/MD011916,0,empty,victor,2026-09-26T08:10:34+00:00,
Tommy_WW_Tests/MD011920.JPG,Tommy_WW_Tests/MD011916,0,empty,victor,2026-09-26T08:10:34+00:00,
Tommy_WW_Tests/MD011921.JPG,Tommy_WW_Tests/MD011916,0,empty,victor,2026-09-26T08:10:35+00:00,
Tommy_WW_Tests/MD011922.JPG,Tommy_WW_Tests/MD011922,0,empty,victor,2026-09-26T08:10:35+00:00,
Tommy_WW_Tests/MD011923.JPG,Tommy_WW_Tests/MD011922,0,empty,victor,2026-09-26T08:10:36+00:00,
Tommy_WW_Tests/MD011924.JPG,Tommy_WW_Tests/MD011922,0,empty,victor,2026-09-26T08:10:36+00:00,
Tommy_WW_Tests/MD011925.JPG,Tommy_WW_Tests/MD011922,0,empty,victor,2026-09-26T08:10:36+00:00,
Tommy_WW_Tests/MD011926.JPG,Tommy_WW_Tests/MD011926,0,empty,victor,2026-09-26T08:10:37+00:00,
Tommy_WW_Tests/MD011927.JPG,Tommy_WW_Tests/MD011926,0,empty,victor,2026-09-26T08:10:37+00:00,
Tommy_WW_Tests/MD011928.JPG,Tommy_WW_Tests/MD011928,0,empty,victor,2026-09-26T08:10:37+00:00,
Tommy_WW_Tests/MD011929.JPG,Tommy_WW_Tests/MD011928,0,empty,victor,2026-09-26T08:10:38+00:00,
Tommy_WW_Tests/MD011930.JPG,Tommy_WW_Tests/MD011928,0,empty,victor,2026-09-26T08:10:38+00:00,
Tommy_WW_Tests/MD011931.JPG,Tommy_WW_Tests/MD011928,0,empty,victor,2026-09-26T08:10:38+00:00,
Tommy_WW_Tests/MD011932.JPG,Tommy_WW_Tests/MD011932,0,empty,victor,2026-09-26T08:10:39+00:00,
Tommy_WW_Tests/MD011933.JPG,Tommy_WW_Tests/MD011932,0,empty,victor,2026-09-26T08:10:39+00:00,
Tommy_WW_Tests/MD011934.JPG,Tommy_WW_Tests/MD011932,0,empty,victor,2026-09-26T08:10:39+00:00,
Tommy_WW_Tests/MD011935.JPG,Tommy_WW_Tests/MD011932,0,empty,victor,2026-09-26T08:10:40+00:00,
Tommy_WW_Tests/MD011936.JPG,Tommy_WW_Tests/MD011936,0,empty,victor,2026-09-26T08:10:40+00:00,
Tommy_WW_Tests/MD011937.JPG,Tommy_WW_Tests/MD011936,0,empty,victor,2026-09-26T08:10:40+00:00,
Tommy_WW_Tests/MD011938.JPG,Tommy_WW_Tests/MD011936,0,empty,victor,2026-09-26T08:10:41+00:00,
Tommy_WW_Tests/MD011939.JPG,Tommy_WW_Tests/MD011936,0,empty,victor,2026-09-26T08:10:41+00:00,
Tommy_WW_Tests/MD011940.JPG,Tommy_WW_Tests/MD011940,0,empty,victor,2026-09-26T08:10:41+00:00,
Tommy_WW_Tests/MD011941.JPG,Tommy_WW_Tests/MD011940,0,empty,victor,2026-09-26T08:10:42+00:00,
Tommy_WW_Tests/MD011942.JPG,Tommy_WW_Tests/MD011942,0,empty,victor,2026-09-26T08:10:42+00:00,
Tommy_WW_Tests/MD011943.JPG,Tommy_WW_Tests/MD011942,0,empty,victor,2026-09-26T08:10:42+00:00,
Tommy_WW_Tests/MD011944.JPG,Tommy_WW_Tests/MD011942,0,empty,victor,2026-09-26T08:10:43+00:00,
Tommy_WW_Tests/MD011945.JPG,Tommy_WW_Tests/MD011942,0,empty,victor,2026-09-26T08:10:43+00:00,
Tommy_WW_Tests/MD011946.JPG,Tommy_WW_Tests/MD011942,0,empty,victor,2026-09-26T08:10:43+00:00,
Tommy_WW_Tests/MD011947.JPG,Tommy_WW_Tests/MD011942,0,empty,victor,2026-09-26T08:10:44+00:00,
Tommy_WW_Tests/MD011948.JPG,Tommy_WW_Tests/MD011948,0,empty,victor,2026-09-26T08:10:44+00:00,
Tommy_WW_Tests/MD011949.JPG,Tommy_WW_Tests/MD011948,0,empty,victor,2026-09-26T08:10:45+00:00,
Tommy_WW_Tests/MD011950.JPG,Tommy_WW_Tests/MD011950,0,empty,victor,2026-09-26T08:10:45+00:00,
Tommy_WW_Tests/MD011952.JPG,Tommy_WW_Tests/MD011952,0,empty,victor,2026-09-26T08:10:45+00:00,
Tommy_WW_Tests/MD011953.JPG,Tommy_WW_Tests/MD011952,0,empty,victor,2026-09-26T08:10:46+00:00,
Tommy_WW_Tests/MD011954.JPG,Tommy_WW_Tests/MD011952,0,empty,victor,2026-09-26T08:10:46+00:00,
Tommy_WW_Tests/MD011955.JPG,Tommy_WW_Tests/MD011952,0,empty,victor,2026-09-26T08:10:46+00:00,
Tommy_WW_Tests/MD011956.JPG,Tommy_WW_Tests/MD011952,0,empty,victor,2026-09-26T08:10:47+00:00,
Tommy_WW_Tests/MD011957.JPG,Tommy_WW_Tests/MD011952,0,empty,victor,2026-09-26T08:10:47+00:00,
Tommy_WW_Tests/MD011959.JPG,Tommy_WW_Tests/MD011952,0,empty,victor,2026-09-26T08:10:47+00:00,
Tommy_WW_Tests/MD011960.JPG,Tommy_WW_Tests/MD011960,0,empty,victor,2026-09-26T08:10:48+00:00,
Tommy_WW_Tests/MD011961.JPG,Tommy_WW_Tests/MD011960,0,empty,victor,2026-09-26T08:10:48+00:00,
Tommy_WW_Tests/MD011962.JPG,Tommy_WW_Tests/MD011962,0,empty,victor,2026-09-26T08:10:49+00:00,
Tommy_WW_Tests/MD011963.JPG,Tommy_WW_Tests/MD011962,0,empty,victor,2026-09-26T08:10:49+00:00,
Tommy_WW_Tests/MD011964.JPG,Tommy_WW_Tests/MD011964,0,empty,victor,2026-09-26T08:10:49+00:00,
Tommy_WW_Tests/MD011965.JPG,Tommy_WW_Tests/MD011964,0,empty,victor,2026-09-26T08:10:50+00:00,
Tommy_WW_Tests/MD011966.JPG,Tommy_WW_Tests/MD011966,0,empty,victor,2026-09-26T08:10:50+00:00,
Tommy_WW_Tests/MD011967.JPG,Tommy_WW_Tests/MD011966,0,empty,victor,2026-09-26T08:10:50+00:00,
Tommy_WW_Tests/MD011968.JPG,Tommy_WW_Tests/MD011968,0,empty,victor,2026-09-26T08:10:51+00:00,
Tommy_WW_Tests/MD011969.JPG,Tommy_WW_Tests/MD011968,0,empty,victor,2026-09-26T08:10:51+00:00,
Tommy_WW_Tests/MD011970.JPG,Tommy_WW_Tests/MD011970,0,empty,victor,2026-09-26T08:10:52+00:00,
Tommy_WW_Tests/MD011971.JPG,Tommy_WW_Tests/MD011970,0,empty,victor,2026-09-26T08:10:52+00:00,
Tommy_WW_Tests/MD011972.JPG,Tommy_WW_Tests/MD011972,0,empty,victor,2026-09-26T08:10:53+00:00,
Tommy_WW_Tests/MD011973.JPG,Tommy_WW_Tests/MD011972,0,empty,victor,2026-09-26T08:10:53+00:00,
Tommy_WW_Tests/MD011974.JPG,Tommy_WW_Tests/MD011974,0,empty,victor,2026-09-26T08:10:54+00:00,
Tommy_WW_Tests/MD011975.JPG,Tommy_WW_Tests/MD011974,0,empty,victor,2026-09-26T08:10:54+00:00,
Tommy_WW_Tests/MD011976.JPG,Tommy_WW_Tests/MD011976,0,empty,victor,2026-09-26T08:10:55+00:00,
Tommy_WW_Tests/MD011977.JPG,Tommy_WW_Tests/MD011976,0,empty,victor,2026-09-26T08:10:57+00:00,
Tommy_WW_Tests/MD011978.JPG,Tommy_WW_Tests/MD011978,0,empty,victor,2026-09-26T08:10:58+00:00,
Tommy_WW_Tests/MD011979.JPG,Tommy_WW_Tests/MD011978,1,animal,victor,2026-09-26T08:10:59+00:00,
Tommy_WW_Tests/MD011980.JPG,Tommy_WW_Tests/MD011978,0,empty,victor,2026-09-26T08:11:01+00:00,
Tommy_WW_Tests/MD011982.JPG,Tommy_WW_Tests/MD011982,0,empty,victor,2026-09-26T08:11:01+00:00,
Tommy_WW_Tests/MD011983.JPG,Tommy_WW_Tests/MD011982,0,empty,victor,2026-09-26T08:11:02+00:00,
Tommy_WW_Tests/MD011984.JPG,Tommy_WW_Tests/MD011984,0,empty,victor,2026-09-26T08:11:03+00:00,
Tommy_WW_Tests/MD011985.JPG,Tommy_WW_Tests/MD011984,0,empty,victor,2026-09-26T08:11:04+00:00,
Tommy_WW_Tests/MD011986.JPG,Tommy_WW_Tests/MD011986,0,empty,victor,2026-09-26T08:11:04+00:00,
Tommy_WW_Tests/MD011987.JPG,Tommy_WW_Tests/MD011986,0,empty,victor,2026-09-26T08:11:04+00:00,
Tommy_WW_Tests/MD011988.JPG,Tommy_WW_Tests/MD011986,0,empty,victor,2026-09-26T08:11:05+00:00,
Tommy_WW_Tests/MD011989.JPG,Tommy_WW_Tests/MD011986,0,empty,victor,2026-09-26T08:11:05+00:00,
Tommy_WW_Tests/MD011990.JPG,Tommy_WW_Tests/MD011990,0,empty,victor,2026-09-26T08:11:06+00:00,
Tommy_WW_Tests/MD011991.JPG,Tommy_WW_Tests/MD011990,0,empty,victor,2026-09-26T08:11:06+00:00,
Tommy_WW_Tests/MD011992.JPG,Tommy_WW_Tests/MD011990,0,empty,victor,2026-09-26T08:11:06+00:00,
Tommy_WW_Tests/MD011993.JPG,Tommy_WW_Tests/MD011990,0,empty,victor,2026-09-26T08:11:07+00:00,
Tommy_WW_Tests/MD011994.JPG,Tommy_WW_Tests/MD011994,0,empty,victor,2026-09-26T08:11:07+00:00,
Tommy_WW_Tests/MD011995.JPG,Tommy_WW_Tests/MD011994,0,empty,victor,2026-09-26T08:11:07+00:00,
Tommy_WW_Tests/MD011996.JPG,Tommy_WW_Tests/MD011994,0,empty,victor,2026-09-26T08:11:07+00:00,
Tommy_WW_Tests/MD011997.JPG,Tommy_WW_Tests/MD011994,0,empty,victor,2026-09-26T08:11:08+00:00,
Tommy_WW_Tests/MD011998.JPG,Tommy_WW_Tests/MD011994,0,empty,victor,2026-09-26T08:11:08+00:00,
Tommy_WW_Tests/MD011999.JPG,Tommy_WW_Tests/MD011994,0,empty,victor,2026-09-26T08:11:08+00:00,
Tommy_WW_Tests/MD012000.JPG,Tommy_WW_Tests/MD012000,0,empty,victor,2026-09-26T08:11:09+00:00,
Tommy_WW_Tests/MD012001.JPG,Tommy_WW_Tests/MD012000,0,empty,victor,2026-09-26T08:11:09+00:00,
Tommy_WW_Tests/MD012002.JPG,Tommy_WW_Tests/MD012000,0,empty,victor,2026-09-26T08:11:09+00:00,
Tommy_WW_Tests/MD012003.JPG,Tommy_WW_Tests/MD012000,0,empty,victor,2026-09-26T08:11:09+00:00,
Tommy_WW_Tests/MD012004.JPG,Tommy_WW_Tests/MD012000,0,empty,victor,2026-09-26T08:11:10+00:00,
Tommy_WW_Tests/MD012005.JPG,Tommy_WW_Tests/MD012000,0,empty,victor,2026-09-26T08:11:10+00:00,
Tommy_WW_Tests/MD012006.JPG,Tommy_WW_Tests/MD012000,0,empty,victor,2026-09-26T08:11:11+00:00,
Tommy_WW_Tests/MD012007.JPG,Tommy_WW_Tests/MD012000,0,empty,victor,2026-09-26T08:11:11+00:00,
Tommy_WW_Tests/MD012008.JPG,Tommy_WW_Tests/MD012000,0,empty,victor,2026-09-26T08:11:11+00:00,
Tommy_WW_Tests/MD012009.JPG,Tommy_WW_Tests/MD012000,0,empty,victor,2026-09-26T08:11:11+00:00,
Tommy_WW_Tests/MD012010.JPG,Tommy_WW_Tests/MD012000,0,empty,victor,2026-09-26T08:11:12+00:00,
Tommy_WW_Tests/MD012011.JPG,Tommy_WW_Tests/MD012000,0,empty,victor,2026-09-26T08:11:12+00:00,
Tommy_WW_Tests/MD012012.JPG,Tommy_WW_Tests/MD012012,0,empty,victor,2026-09-26T08:11:14+00:00,
Tommy_WW_Tests/MD012013.JPG,Tommy_WW_Tests/MD012012,0,empty,victor,2026-09-26T08:11:15+00:00,
Tommy_WW_Tests/MD012014.JPG,Tommy_WW_Tests/MD012014,0,empty,victor,2026-09-26T08:11:15+00:00,
Tommy_WW_Tests/MD012016.JPG,Tommy_WW_Tests/MD012014,0,empty,victor,2026-09-26T08:11:16+00:00,
Tommy_WW_Tests/MD012021.JPG,Tommy_WW_Tests/MD012021,0,empty,victor,2026-09-26T08:11:16+00:00,
Tommy_WW_Tests/MD012022.JPG,Tommy_WW_Tests/MD012021,0,empty,victor,2026-09-26T08:11:17+00:00,
Tommy_WW_Tests/TL012023.JPG,Tommy_WW_Tests/MD012021,0,empty,victor,2026-09-26T08:11:19+00:00,
Tommy_WW_Tests/TL012024.JPG,Tommy_WW_Tests/TL012024,0,empty,victor,2026-09-26T08:11:19+00:00,
Tommy_WW_Tests/TL012025.JPG,Tommy_WW_Tests/TL012024,0,empty,victor,2026-09-26T08:11:20+00:00,
Tommy_WW_Tests/TL012027.JPG,Tommy_WW_Tests/TL012027,1,animal,victor,2026-09-26T08:11:23+00:00,
Tommy_WW_Tests/TL012028.JPG,Tommy_WW_Tests/TL012027,0,empty,victor,2026-09-26T08:11:23+00:00,
Tommy_WW_Tests/TL012029.JPG,Tommy_WW_Tests/TL012027,1,animal,victor,2026-09-26T08:11:24+00:00,
Tommy_WW_Tests/TL012030.JPG,Tommy_WW_Tests/TL012027,1,animal,victor,2026-09-26T08:11:25+00:00,
Tommy_WW_Tests/MD012033.JPG,Tommy_WW_Tests/MD012033,1,animal,victor,2026-09-26T08:11:25+00:00,
Tommy_WW_Tests/MD012034.JPG,Tommy_WW_Tests/MD012033,0,empty,victor,2026-09-26T08:11:28+00:00,
Tommy_WW_Tests/MD012035.JPG,Tommy_WW_Tests/MD012033,0,empty,victor,2026-09-26T08:11:28+00:00,
Tommy_WW_Tests/MD012036.JPG,Tommy_WW_Tests/MD012036,0,empty,victor,2026-09-26T08:11:29+00:00,
Tommy_WW_Tests/MD012037.JPG,Tommy_WW_Tests/MD012036,0,empty,victor,2026-09-26T08:11:30+00:00,
Tommy_WW_Tests/MD012038.JPG,Tommy_WW_Tests/MD012036,0,empty,victor,2026-09-26T08:11:30+00:00,
Tommy_WW_Tests/MD012039.JPG,Tommy_WW_Tests/MD012036,0,empty,victor,2026-09-26T08:11:31+00:00,
Tommy_WW_Tests/MD012040.JPG,Tommy_WW_Tests/MD012036,0,empty,victor,2026-09-26T08:11:31+00:00,
Tommy_WW_Tests/MD012042.JPG,Tommy_WW_Tests/MD012036,0,empty,victor,2026-09-26T08:11:33+00:00,
Tommy_WW_Tests/MD012043.JPG,Tommy_WW_Tests/MD012036,0,empty,victor,2026-09-26T08:11:34+00:00,
Tommy_WW_Tests/MD012044.JPG,Tommy_WW_Tests/MD012044,0,empty,victor,2026-09-26T08:11:34+00:00,
Tommy_WW_Tests/MD012045.JPG,Tommy_WW_Tests/MD012044,0,empty,victor,2026-09-26T08:11:35+00:00,
Tommy_WW_Tests/MD012046.JPG,Tommy_WW_Tests/MD012044,0,empty,victor,2026-09-26T08:11:35+00:00,
Tommy_WW_Tests/MD012047.JPG,Tommy_WW_Tests/MD012044,0,empty,victor,2026-09-26T08:11:36+00:00,
Tommy_WW_Tests/MD012048.JPG,Tommy_WW_Tests/MD012044,0,empty,victor,2026-09-26T08:11:36+00:00,
Tommy_WW_Tests/MD012049.JPG,Tommy_WW_Tests/MD012044,0,empty,victor,2026-09-26T08:11:37+00:00,
Tommy_WW_Tests/MD012081.JPG,Tommy_WW_Tests/MD012081,0,empty,victor,2026-09-26T08:11:37+00:00,
Tommy_WW_Tests/MD012082.JPG,Tommy_WW_Tests/MD012082,0,empty,victor,2026-09-26T08:11:38+00:00,
Tommy_WW_Tests/MD012083.JPG,Tommy_WW_Tests/MD012082,0,empty,victor,2026-09-26T08:11:39+00:00,
Tommy_WW_Tests/MD012084.JPG,Tommy_WW_Tests/MD012082,0,empty,victor,2026-09-26T08:11:40+00:00,
Tommy_WW_Tests/MD012085.JPG,Tommy_WW_Tests/MD012082,0,empty,victor,2026-09-26T08:11:40+00:00,
Tommy_WW_Tests/MD012086.JPG,Tommy_WW_Tests/MD012082,0,empty,victor,2026-09-26T08:11:41+00:00,
Tommy_WW_Tests/MD012087.JPG,Tommy_WW_Tests/MD012082,0,empty,victor,2026-09-26T08:11:42+00:00,
Tommy_WW_Tests/MD012088.JPG,Tommy_WW_Tests/MD012082,0,empty,victor,2026-09-26T08:11:42+00:00,
Tommy_WW_Tests/MD012089.JPG,Tommy_WW_Tests/MD012082,0,empty,victor,2026-09-26T08:11:43+00:00,
Tommy_WW_Tests/MD012090.JPG,Tommy_WW_Tests/MD012090,0,empty,victor,2026-09-26T08:11:43+00:00,
Tommy_WW_Tests/TL012091.JPG,Tommy_WW_Tests/TL012091,0,empty,victor,2026-09-26T08:11:44+00:00,
Tommy_WW_Tests/TL012092.JPG,Tommy_WW_Tests/TL012092,1,animal,victor,2026-09-26T08:11:45+00:00,
Tommy_WW_Tests/TL012093.JPG,Tommy_WW_Tests/TL012092,1,animal,victor,2026-09-26T08:11:45+00:00,
Tommy_WW_Tests/MD012094.JPG,Tommy_WW_Tests/TL012092,1,animal,victor,2026-09-26T08:11:46+00:00,
Tommy_WW_Tests/MD012095.JPG,Tommy_WW_Tests/TL012092,0,empty,victor,2026-09-26T08:11:47+00:00,
Tommy_WW_Tests/MD012096.JPG,Tommy_WW_Tests/TL012092,0,empty,victor,2026-09-26T08:11:50+00:00,
Tommy_WW_Tests/MD012097.JPG,Tommy_WW_Tests/MD012097,0,empty,victor,2026-09-26T08:11:54+00:00,
Tommy_WW_Tests/MD012098.JPG,Tommy_WW_Tests/MD012097,0,empty,victor,2026-09-26T08:11:55+00:00,
Tommy_WW_Tests/MD012099.JPG,Tommy_WW_Tests/MD012099,0,empty,victor,2026-09-26T08:11:56+00:00,
Tommy_WW_Tests/MD012100.JPG,Tommy_WW_Tests/MD012099,1,animal,victor,2026-09-26T08:11:58+00:00,
Tommy_WW_Tests/MD012101.JPG,Tommy_WW_Tests/MD012099,1,animal,victor,2026-09-26T08:11:59+00:00,
Tommy_WW_Tests/MD012102.JPG,Tommy_WW_Tests/MD012099,0,empty,victor,2026-09-26T08:12:02+00:00,
Tommy_WW_Tests/MD012103.JPG,Tommy_WW_Tests/MD012099,0,empty,victor,2026-09-26T08:12:03+00:00,
Tommy_WW_Tests/MD012104.JPG,Tommy_WW_Tests/MD012099,0,empty,victor,2026-09-26T08:12:05+00:00,
Tommy_WW_Tests/MD012105.JPG,Tommy_WW_Tests/MD012099,0,empty,victor,2026-09-26T08:12:06+00:00,
Tommy_WW_Tests/MD012106.JPG,Tommy_WW_Tests/MD012099,0,empty,victor,2026-09-26T08:12:07+00:00,
Tommy_WW_Tests/MD012107.JPG,Tommy_WW_Tests/MD012099,0,empty,victor,2026-09-26T08:12:08+00:00,
Tommy_WW_Tests/MD012108.JPG,Tommy_WW_Tests/MD012099,0,empty,victor,2026-09-26T08:12:09+00:00,
Tommy_WW_Tests/MD012109.JPG,Tommy_WW_Tests/MD012099,0,empty,victor,2026-09-26T08:12:10+00:00,
Tommy_WW_Tests/MD012110.JPG,Tommy_WW_Tests/MD012099,0,empty,victor,2026-09-26T08:12:11+00:00,
Tommy_WW_Tests/MD012111.JPG,Tommy_WW_Tests/MD012099,0,empty,victor,2026-09-26T08:12:11+00:00,
Tommy_WW_Tests/MD012112.JPG,Tommy_WW_Tests/MD012099,0,empty,victor,2026-09-26T08:12:12+00:00,
Tommy_WW_Tests/MD012113.JPG,Tommy_WW_Tests/MD012099,0,empty,victor,2026-09-26T08:12:22+00:00,
Tommy_WW_Tests/MD012114.JPG,Tommy_WW_Tests/MD012099,0,empty,victor,2026-09-26T08:12:22+00:00,
Tommy_WW_Tests/MD012115.JPG,Tommy_WW_Tests/MD012099,0,empty,victor,2026-09-26T08:12:23+00:00,
Tommy_WW_Tests/MD012116.JPG,Tommy_WW_Tests/MD012099,0,empty,victor,2026-09-26T08:12:25+00:00,
Tommy_WW_Tests/MD012117.JPG,Tommy_WW_Tests/MD012099,0,empty,victor,2026-09-26T08:12:27+00:00,
Tommy_WW_Tests/MD012118.JPG,Tommy_WW_Tests/MD012099,0,empty,victor,2026-09-26T08:12:28+00:00,
Tommy_WW_Tests/MD012119.JPG,Tommy_WW_Tests/MD012099,0,empty,victor,2026-09-26T08:12:28+00:00,
Tommy_WW_Tests/MD012120.JPG,Tommy_WW_Tests/MD012099,0,empty,victor,2026-09-26T08:12:30+00:00,
Tommy_WW_Tests/MD012121.JPG,Tommy_WW_Tests/MD012121,0,empty,victor,2026-09-26T08:12:31+00:00,
Tommy_WW_Tests/MD012122.JPG,Tommy_WW_Tests/MD012121,0,empty,victor,2026-09-26T08:12:32+00:00,
Tommy_WW_Tests/MD012123.JPG,Tommy_WW_Tests/MD012121,0,empty,victor,2026-09-26T08:12:33+00:00,
Tommy_WW_Tests/MD012124.JPG,Tommy_WW_Tests/MD012121,0,empty,victor,2026-09-26T08:12:34+00:00,
Tommy_WW_Tests/MD012125.JPG,Tommy_WW_Tests/MD012125,0,empty,victor,2026-09-26T08:12:35+00:00,
Tommy_WW_Tests/MD011951.JPG,Tommy_WW_Tests/MD011951,0,empty,victor,2026-09-26T08:12:36+00:00,
Tommy_WW_Tests/MD011958.JPG,Tommy_WW_Tests/MD011958,0,empty,victor,2026-09-26T08:12:36+00:00,
Tommy_WW_Tests/MD011981.JPG,Tommy_WW_Tests/MD011981,0,empty,victor,2026-09-26T08:12:37+00:00,
Tommy_WW_Tests/MD012015.JPG,Tommy_WW_Tests/MD012015,0,empty,victor,2026-09-26T08:12:37+00:00,
Tommy_WW_Tests/MD012017.JPG,Tommy_WW_Tests/MD012017,0,empty,victor,2026-09-26T08:12:38+00:00,
Tommy_WW_Tests/MD012018.JPG,Tommy_WW_Tests/MD012018,0,empty,victor,2026-09-26T08:12:38+00:00,
Tommy_WW_Tests/MD012019.JPG,Tommy_WW_Tests/MD012019,0,empty,victor,2026-09-26T08:12:38+00:00,
Tommy_WW_Tests/MD012020.JPG,Tommy_WW_Tests/MD012020,0,empty,victor,2026-09-26T08:12:39+00:00,
Tommy_WW_Tests/MD012041.JPG,Tommy_WW_Tests/MD012041,1,animal,victor,2026-09-26T08:12:42+00:00,
Tommy_WW_Tests/MD012050.JPG,Tommy_WW_Tests/MD012050,0,empty,victor,2026-09-26T08:12:43+00:00,
Tommy_WW_Tests/MD012051.JPG,Tommy_WW_Tests/MD012051,0,empty,victor,2026-09-26T08:12:44+00:00,
Tommy_WW_Tests/MD012052.JPG,Tommy_WW_Tests/MD012052,0,empty,victor,2026-09-26T08:12:44+00:00,
Tommy_WW_Tests/MD012053.JPG,Tommy_WW_Tests/MD012053,0,empty,victor,2026-09-26T08:12:45+00:00,
Tommy_WW_Tests/MD012054.JPG,Tommy_WW_Tests/MD012054,0,empty,victor,2026-09-26T08:12:45+00:00,
Tommy_WW_Tests/MD012055.JPG,Tommy_WW_Tests/MD012055,0,empty,victor,2026-09-26T08:12:45+00:00,
Tommy_WW_Tests/MD012056.JPG,Tommy_WW_Tests/MD012056,0,empty,victor,2026-09-26T08:12:46+00:00,
Tommy_WW_Tests/MD012057.JPG,Tommy_WW_Tests/MD012057,0,empty,victor,2026-09-26T08:12:46+00:00,
Tommy_WW_Tests/MD012058.JPG,Tommy_WW_Tests/MD012058,0,empty,victor,2026-09-26T08:12:46+00:00,
Tommy_WW_Tests/MD012059.JPG,Tommy_WW_Tests/MD012059,0,empty,victor,2026-09-26T08:12:47+00:00,
Tommy_WW_Tests/MD012060.JPG,Tommy_WW_Tests/MD012060,0,empty,victor,2026-09-26T08:12:47+00:00,
Tommy_WW_Tests/MD012061.JPG,Tommy_WW_Tests/MD012061,0,empty,victor,2026-09-26T08:12:47+00:00,
Tommy_WW_Tests/MD012062.JPG,Tommy_WW_Tests/MD012062,0,empty,victor,2026-09-26T08:12:47+00:00,
Tommy_WW_Tests/MD012063.JPG,Tommy_WW_Tests/MD012063,0,empty,victor,2026-09-26T08:12:48+00:00,
Tommy_WW_Tests/MD012064.JPG,Tommy_WW_Tests/MD012064,0,empty,victor,2026-09-26T08:12:48+00:00,
Tommy_WW_Tests/MD012065.JPG,Tommy_WW_Tests/MD012065,0,empty,victor,2026-09-26T08:12:48+00:00,
Tommy_WW_Tests/MD012066.JPG,Tommy_WW_Tests/MD012066,0,empty,victor,2026-09-26T08:12:48+00:00,
Tommy_WW_Tests/MD012067.JPG,Tommy_WW_Tests/MD012067,0,empty,victor,2026-09-26T08:12:49+00:00,
Tommy_WW_Tests/MD012068.JPG,Tommy_WW_Tests/MD012068,0,empty,victor,2026-09-26T08:12:49+00:00,
Tommy_WW_Tests/MD012069.JPG,Tommy_WW_Tests/MD012069,0,empty,victor,2026-09-26T08:12:49+00:00,
Tommy_WW_Tests/MD012070.JPG,Tommy_WW_Tests/MD012070,0,empty,victor,2026-09-26T08:12:50+00:00,
Tommy_WW_Tests/MD012071.JPG,Tommy_WW_Tests/MD012071,0,empty,victor,2026-09-26T08:12:50+00:00,
Tommy_WW_Tests/MD012072.JPG,Tommy_WW_Tests/MD012072,0,empty,victor,2026-09-26T08:12:50+00:00,
Tommy_WW_Tests/MD012073.JPG,Tommy_WW_Tests/MD012073,0,empty,victor,2026-09-26T08:12:50+00:00,
Tommy_WW_Tests/MD012074.JPG,Tommy_WW_Tests/MD012074,0,empty,victor,2026-09-26T08:12:51+00:00,
Tommy_WW_Tests/MD012075.JPG,Tommy_WW_Tests/MD012075,0,empty,victor,2026-09-26T08:12:51+00:00,
Tommy_WW_Tests/MD012076.JPG,Tommy_WW_Tests/MD012076,0,empty,victor,2026-09-26T08:12:51+00:00,
Tommy_WW_Tests/MD012077.JPG,Tommy_WW_Tests/MD012077,0,empty,victor,2026-09-26T08:12:51+00:00,
Tommy_WW_Tests/MD012078.JPG,Tommy_WW_Tests/MD012078,0,empty,victor,2026-09-26T08:12:52+00:00,
Tommy_WW_Tests/MD012079.JPG,Tommy_WW_Tests/MD012079,0,empty,victor,2026-09-26T08:12:52+00:00,
Tommy_WW_Tests/MD012080.JPG,Tommy_WW_Tests/MD012080,0,empty,victor,2026-09-26T08:12:52+00:00,
colorado_ce1402db-20260909T225431Z-1-001/colorado_ce1402db/2026-07-17_ad4ca41f/20260616181239_01.jpg,2026-07-17_ad4ca41f/20260616181239_01,1,animal,victor,2026-09-26T08:12:56+00:00,
colorado_ce1402db-20260909T225431Z-1-001/colorado_ce1402db/2026-07-17_ad4ca41f/20260616181252_01.jpg,2026-07-17_ad4ca41f/20260616181252_01,0,empty,victor,2026-09-26T08:12:58+00:00,
colorado_ce1402db-20260909T225431Z-1-001/colorado_ce1402db/2026-07-17_ad4ca41f/20260616181256_01.jpg,2026-07-17_ad4ca41f/20260616181252_01,1,animal,victor,2026-09-26T08:12:59+00:00,
colorado_ce1402db-20260909T225431Z-1-001/colorado_ce1402db/2026-07-17_ad4ca41f/20260616181302_01.jpg,2026-07-17_ad4ca41f/20260616181252_01,1,animal,victor,2026-09-26T08:13:00+00:00,
colorado_ce1402db-20260909T225431Z-1-001/colorado_ce1402db/2026-07-17_ad4ca41f/20260616181823_01.jpg,2026-07-17_ad4ca41f/20260616181823_01,1,animal,victor,2026-09-26T08:13:02+00:00,
colorado_ce1402db-20260909T225431Z-1-001/colorado_ce1402db/2026-07-17_ad4ca41f/20260616181830_01.jpg,2026-07-17_ad4ca41f/20260616181823_01,1,animal,victor,2026-09-26T08:13:02+00:00,
colorado_ce1402db-20260909T225431Z-1-001/colorado_ce1402db/2026-07-17_ad4ca41f/20260616181840_01.jpg,2026-07-17_ad4ca41f/20260616181823_01,1,animal,victor,2026-09-26T08:13:03+00:00,
colorado_ce1402db-20260909T225431Z-1-001/colorado_ce1402db/2026-07-17_ad4ca41f/20260616181846_01.jpg,2026-07-17_ad4ca41f/20260616181823_01,1,animal,victor,2026-09-26T08:13:04+00:00,
colorado_ce1402db-20260909T225431Z-1-001/colorado_ce1402db/2026-07-17_ad4ca41f/20260616181850_01.jpg,2026-07-17_ad4ca41f/20260616181823_01,1,animal,victor,2026-09-26T08:13:05+00:00,
colorado_ce1402db-20260909T225431Z-1-001/colorado_ce1402db/2026-07-17_ad4ca41f/20260616181856_01.jpg,2026-07-17_ad4ca41f/20260616181823_01,1,animal,victor,2026-09-26T08:13:05+00:00,
colorado_ce1402db-20260909T225431Z-1-001/colorado_ce1402db/2026-07-17_ad4ca41f/20260616181906_01.jpg,2026-07-17_ad4ca41f/20260616181823_01,1,animal,victor,2026-09-26T08:13:06+00:00,
colorado_ce1402db-20260909T225431Z-1-001/colorado_ce1402db/2026-07-17_ad4ca41f/20260616181913_01.jpg,2026-07-17_ad4ca41f/20260616181823_01,1,animal,victor,2026-09-26T08:13:06+00:00,
colorado_ce1402db-20260909T225431Z-1-001/colorado_ce1402db/2026-07-17_ad4ca41f/20260616181935_01.jpg,2026-07-17_ad4ca41f/20260616181935_01,1,animal,victor,2026-09-26T08:13:07+00:00,
colorado_ce1402db-20260909T225431Z-1-001/colorado_ce1402db/2026-07-17_ad4ca41f/20260616181943_01.jpg,2026-07-17_ad4ca41f/20260616181935_01,1,animal,victor,2026-09-26T08:13:07+00:00,
colorado_ce1402db-20260909T225431Z-1-001/colorado_ce1402db/2026-07-17_ad4ca41f/20260616181945_01.jpg,2026-07-17_ad4ca41f/20260616181935_01,1,animal,victor,2026-09-26T08:13:07+00:00,
colorado_ce1402db-20260909T225431Z-1-001/colorado_ce1402db/2026-07-17_ad4ca41f/20260616182007_01.jpg,2026-07-17_ad4ca41f/20260616182007_01,1,animal,victor,2026-09-26T08:13:08+00:00,
colorado_ce1402db-20260909T225431Z-1-001/colorado_ce1402db/2026-07-17_ad4ca41f/20260616182010_01.jpg,2026-07-17_ad4ca41f/20260616182007_01,1,animal,victor,2026-09-26T08:13:08+00:00,
colorado_ce1402db-20260909T225431Z-1-001/colorado_ce1402db/2026-07-17_ad4ca41f/20260616182015_01.jpg,2026-07-17_ad4ca41f/20260616182007_01,1,animal,victor,2026-09-26T08:13:09+00:00,
colorado_ce1402db-20260909T225431Z-1-001/colorado_ce1402db/2026-07-17_ad4ca41f/20260616182022_01.jpg,2026-07-17_ad4ca41f/20260616182007_01,1,animal,victor,2026-09-26T08:13:09+00:00,
colorado_ce1402db-20260909T225431Z-1-001/colorado_ce1402db/2026-07-17_ad4ca41f/20260616194153_01.jpg,2026-07-17_ad4ca41f/20260616194153_01,1,animal,victor,2026-09-26T08:13:11+00:00,
colorado_ce1402db-20260909T225431Z-1-001/colorado_ce1402db/2026-07-17_ad4ca41f/20260616194158_01.jpg,2026-07-17_ad4ca41f/20260616194153_01,1,animal,victor,2026-09-26T08:13:11+00:00,
colorado_ce1402db-20260909T225431Z-1-001/colorado_ce1402db/2026-07-17_ad4ca41f/20260616194207_01.jpg,2026-07-17_ad4ca41f/20260616194153_01,1,animal,victor,2026-09-26T08:13:12+00:00,
colorado_ce1402db-20260909T225431Z-1-001/colorado_ce1402db/2026-07-17_ad4ca41f/20260616194215_01.jpg,2026-07-17_ad4ca41f/20260616194153_01,1,animal,victor,2026-09-26T08:13:12+00:00,
colorado_ce1402db-20260909T225431Z-1-001/colorado_ce1402db/2026-07-17_ad4ca41f/20260616194218_01.jpg,2026-07-17_ad4ca41f/20260616194153_01,1,animal,victor,2026-09-26T08:13:13+00:00,
colorado_ce1402db-20260909T225431Z-1-001/colorado_ce1402db/2026-07-17_ad4ca41f/20260616194742_01.jpg,2026-07-17_ad4ca41f/20260616194742_01,1,animal,victor,2026-09-26T08:13:13+00:00,
colorado_ce1402db-20260909T225431Z-1-001/colorado_ce1402db/2026-07-17_ad4ca41f/20260616194751_01.jpg,2026-07-17_ad4ca41f/20260616194742_01,0,empty,victor,2026-09-26T08:13:15+00:00,
colorado_ce1402db-20260909T225431Z-1-001/colorado_ce1402db/2026-07-17_ad4ca41f/20260616194754_01.jpg,2026-07-17_ad4ca41f/20260616194742_01,1,animal,victor,2026-09-26T08:13:16+00:00,
colorado_ce1402db-20260909T225431Z-1-001/colorado_ce1402db/2026-07-17_ad4ca41f/20260616194759_01.jpg,2026-07-17_ad4ca41f/20260616194742_01,1,animal,victor,2026-09-26T08:13:20+00:00,
colorado_ce1402db-20260909T225431Z-1-001/colorado_ce1402db/2026-07-17_ad4ca41f/20260616194801_01.jpg,2026-07-17_ad4ca41f/20260616194742_01,1,animal,victor,2026-09-26T08:13:21+00:00,
colorado_ce1402db-20260909T225431Z-1-001/colorado_ce1402db/2026-07-17_ad4ca41f/20260616201913_01.jpg,2026-07-17_ad4ca41f/20260616201913_01,0,empty,victor,2026-09-26T08:13:22+00:00,
colorado_ce1402db-20260909T225431Z-1-001_1/colorado_ce1402db/2026-07-17_ad4ca41f/20260616173514_01.jpg,2026-07-17_ad4ca41f/20260616173514_01,1,animal,victor,2026-09-26T08:13:23+00:00,
colorado_ce1402db-20260909T225431Z-1-001_1/colorado_ce1402db/2026-07-17_ad4ca41f/20260616173516_01.jpg,2026-07-17_ad4ca41f/20260616173514_01,1,animal,victor,2026-09-26T08:13:24+00:00,
colorado_ce1402db-20260909T225431Z-1-001_1/colorado_ce1402db/2026-07-17_ad4ca41f/20260616173518_01.jpg,2026-07-17_ad4ca41f/20260616173514_01,1,animal,victor,2026-09-26T08:13:24+00:00,
colorado_ce1402db-20260909T225431Z-1-001_1/colorado_ce1402db/2026-07-17_ad4ca41f/20260616173519_01.jpg,2026-07-17_ad4ca41f/20260616173514_01,1,animal,victor,2026-09-26T08:13:25+00:00,
colorado_ce1402db-20260909T225431Z-1-001_1/colorado_ce1402db/2026-07-17_ad4ca41f/20260616173521_01.jpg,2026-07-17_ad4ca41f/20260616173514_01,1,animal,victor,2026-09-26T08:13:25+00:00,
colorado_ce1402db-20260909T225431Z-1-001_1/colorado_ce1402db/2026-07-17_ad4ca41f/20260616173523_01.jpg,2026-07-17_ad4ca41f/20260616173514_01,1,animal,victor,2026-09-26T08:13:26+00:00,
colorado_ce1402db-20260909T225431Z-1-001_1/colorado_ce1402db/2026-07-17_ad4ca41f/20260616173524_01.jpg,2026-07-17_ad4ca41f/20260616173514_01,1,animal,victor,2026-09-26T08:13:26+00:00,
colorado_ce1402db-20260909T225431Z-1-001_1/colorado_ce1402db/2026-07-17_ad4ca41f/20260616173526_01.jpg,2026-07-17_ad4ca41f/20260616173514_01,1,animal,victor,2026-09-26T08:13:27+00:00,
colorado_ce1402db-20260909T225431Z-1-001_1/colorado_ce1402db/2026-07-17_ad4ca41f/20260616173528_01.jpg,2026-07-17_ad4ca41f/20260616173514_01,1,animal,victor,2026-09-26T08:13:27+00:00,
colorado_ce1402db-20260909T225431Z-1-001_1/colorado_ce1402db/2026-07-17_ad4ca41f/20260616173529_01.jpg,2026-07-17_ad4ca41f/20260616173514_01,1,animal,victor,2026-09-26T08:13:27+00:00,
colorado_ce1402db-20260909T225431Z-1-001_1/colorado_ce1402db/2026-07-17_ad4ca41f/20260616173531_01.jpg,2026-07-17_ad4ca41f/20260616173514_01,1,animal,victor,2026-09-26T08:13:28+00:00,
colorado_ce1402db-20260909T225431Z-1-001_1/colorado_ce1402db/2026-07-17_ad4ca41f/20260616174039_01.jpg,2026-07-17_ad4ca41f/20260616174039_01,1,animal,victor,2026-09-26T08:13:28+00:00,
colorado_ce1402db-20260909T225431Z-1-001_1/colorado_ce1402db/2026-07-17_ad4ca41f/20260616174040_01.jpg,2026-07-17_ad4ca41f/20260616174039_01,1,animal,victor,2026-09-26T08:13:28+00:00,
colorado_ce1402db-20260909T225431Z-1-001_1/colorado_ce1402db/2026-07-17_ad4ca41f/20260616174042_01.jpg,2026-07-17_ad4ca41f/20260616174039_01,1,animal,victor,2026-09-26T08:13:29+00:00,
colorado_ce1402db-20260909T225431Z-1-001_1/colorado_ce1402db/2026-07-17_ad4ca41f/20260616174043_01.jpg,2026-07-17_ad4ca41f/20260616174039_01,1,animal,victor,2026-09-26T08:13:29+00:00,
colorado_ce1402db-20260909T225431Z-1-001_1/colorado_ce1402db/2026-07-17_ad4ca41f/20260616174045_01.jpg,2026-07-17_ad4ca41f/20260616174039_01,1,animal,victor,2026-09-26T08:13:29+00:00,
colorado_ce1402db-20260909T225431Z-1-001_1/colorado_ce1402db/2026-07-17_ad4ca41f/20260616174047_01.jpg,2026-07-17_ad4ca41f/20260616174039_01,1,animal,victor,2026-09-26T08:13:30+00:00,
colorado_ce1402db-20260909T225431Z-1-001_1/colorado_ce1402db/2026-07-17_ad4ca41f/20260616174049_01.jpg,2026-07-17_ad4ca41f/20260616174039_01,1,animal,victor,2026-09-26T08:13:30+00:00,
colorado_ce1402db-20260909T225431Z-1-001_1/colorado_ce1402db/2026-07-17_ad4ca41f/20260616174050_01.jpg,2026-07-17_ad4ca41f/20260616174039_01,1,animal,victor,2026-09-26T08:13:30+00:00,
colorado_ce1402db-20260909T225431Z-1-001_1/colorado_ce1402db/2026-07-17_ad4ca41f/20260616174052_01.jpg,2026-07-17_ad4ca41f/20260616174039_01,1,animal,victor,2026-09-26T08:13:31+00:00,
colorado_ce1402db-20260909T225431Z-1-001_1/colorado_ce1402db/2026-07-17_ad4ca41f/20260616174054_01.jpg,2026-07-17_ad4ca41f/20260616174039_01,1,animal,victor,2026-09-26T08:13:31+00:00,
colorado_ce1402db-20260909T225431Z-1-001_1/colorado_ce1402db/2026-07-17_ad4ca41f/20260616174055_01.jpg,2026-07-17_ad4ca41f/20260616174039_01,1,animal,victor,2026-09-26T08:13:31+00:00,
colorado_ce1402db-20260909T225431Z-1-001_1/colorado_ce1402db/2026-07-17_ad4ca41f/20260616174057_01.jpg,2026-07-17_ad4ca41f/20260616174039_01,1,animal,victor,2026-09-26T08:13:32+00:00,
colorado_ce1402db-20260909T225431Z-1-001_1/colorado_ce1402db/2026-07-17_ad4ca41f/20260616174059_01.jpg,2026-07-17_ad4ca41f/20260616174039_01,1,animal,victor,2026-09-26T08:13:32+00:00,
colorado_ce1402db-20260909T225431Z-1-001_1/colorado_ce1402db/2026-07-17_ad4ca41f/20260616174100_01.jpg,2026-07-17_ad4ca41f/20260616174039_01,1,animal,victor,2026-09-26T08:13:32+00:00,
colorado_ce1402db-20260909T225431Z-1-001_1/colorado_ce1402db/2026-07-17_ad4ca41f/20260616174102_01.jpg,2026-07-17_ad4ca41f/20260616174039_01,1,animal,victor,2026-09-26T08:13:33+00:00,
colorado_ce1402db-20260909T225431Z-1-001_1/colorado_ce1402db/2026-07-17_ad4ca41f/20260616174104_01.jpg,2026-07-17_ad4ca41f/20260616174039_01,1,animal,victor,2026-09-26T08:13:33+00:00,
colorado_ce1402db-20260909T225431Z-1-001_1/colorado_ce1402db/2026-07-17_ad4ca41f/20260616174105_01.jpg,2026-07-17_ad4ca41f/20260616174039_01,1,animal,victor,2026-09-26T08:13:33+00:00,
colorado_ce1402db-20260909T225431Z-1-001_1/colorado_ce1402db/2026-07-17_ad4ca41f/20260616174107_01.jpg,2026-07-17_ad4ca41f/20260616174039_01,1,animal,victor,2026-09-26T08:13:34+00:00,
colorado_ce1402db-20260909T225431Z-1-001_1/colorado_ce1402db/2026-07-17_ad4ca41f/20260616174109_01.jpg,2026-07-17_ad4ca41f/20260616174039_01,1,animal,victor,2026-09-26T08:13:34+00:00,
colorado_ce1402db-20260909T225431Z-1-001_1/colorado_ce1402db/2026-07-17_ad4ca41f/20260616174110_01.jpg,2026-07-17_ad4ca41f/20260616174039_01,1,animal,victor,2026-09-26T08:13:34+00:00,
colorado_ce1402db-20260909T225431Z-1-001_1/colorado_ce1402db/2026-07-17_ad4ca41f/20260616174112_01.jpg,2026-07-17_ad4ca41f/20260616174039_01,1,animal,victor,2026-09-26T08:13:35+00:00,
colorado_ce1402db-20260909T225431Z-1-001_1/colorado_ce1402db/2026-07-17_ad4ca41f/20260616174114_01.jpg,2026-07-17_ad4ca41f/20260616174039_01,1,animal,victor,2026-09-26T08:13:35+00:00,
colorado_ce1402db-20260909T225431Z-1-001_1/colorado_ce1402db/2026-07-17_ad4ca41f/20260616174115_01.jpg,2026-07-17_ad4ca41f/20260616174039_01,1,animal,victor,2026-09-26T08:13:35+00:00,
colorado_ce1402db-20260909T225431Z-1-001_1/colorado_ce1402db/2026-07-17_ad4ca41f/20260616174117_01.jpg,2026-07-17_ad4ca41f/20260616174039_01,1,animal,victor,2026-09-26T08:13:36+00:00,
colorado_ce1402db-20260909T225431Z-1-001_1/colorado_ce1402db/2026-07-17_ad4ca41f/20260616174119_01.jpg,2026-07-17_ad4ca41f/20260616174039_01,1,animal,victor,2026-09-26T08:13:36+00:00,
colorado_ce1402db-20260909T225431Z-1-001_1/colorado_ce1402db/2026-07-17_ad4ca41f/20260616174120_01.jpg,2026-07-17_ad4ca41f/20260616174039_01,1,animal,victor,2026-09-26T08:13:36+00:00,
colorado_ce1402db-20260909T225431Z-1-001_1/colorado_ce1402db/2026-07-17_ad4ca41f/20260616174122_01.jpg,2026-07-17_ad4ca41f/20260616174039_01,1,animal,victor,2026-09-26T08:13:37+00:00,
colorado_ce1402db-20260909T225431Z-1-001_1/colorado_ce1402db/2026-07-17_ad4ca41f/20260616174124_01.jpg,2026-07-17_ad4ca41f/20260616174039_01,1,animal,victor,2026-09-26T08:13:38+00:00,
colorado_ce1402db-20260909T225431Z-1-001_1/colorado_ce1402db/2026-07-17_ad4ca41f/20260616174125_01.jpg,2026-07-17_ad4ca41f/20260616174039_01,1,animal,victor,2026-09-26T08:13:38+00:00,
colorado_ce1402db-20260909T225431Z-1-001_1/colorado_ce1402db/2026-07-17_ad4ca41f/20260616174127_01.jpg,2026-07-17_ad4ca41f/20260616174039_01,1,animal,victor,2026-09-26T08:13:38+00:00,
colorado_ce1402db-20260909T225431Z-1-001_1/colorado_ce1402db/2026-07-17_ad4ca41f/20260616174129_01.jpg,2026-07-17_ad4ca41f/20260616174039_01,1,animal,victor,2026-09-26T08:13:38+00:00,
colorado_ce1402db-20260909T225431Z-1-001_1/colorado_ce1402db/2026-07-17_ad4ca41f/20260616174130_01.jpg,2026-07-17_ad4ca41f/20260616174039_01,1,animal,victor,2026-09-26T08:13:39+00:00,
colorado_ce1402db-20260909T225431Z-1-001_1/colorado_ce1402db/2026-07-17_ad4ca41f/20260616174132_01.jpg,2026-07-17_ad4ca41f/20260616174039_01,1,animal,victor,2026-09-26T08:13:39+00:00,
colorado_ce1402db-20260909T225431Z-1-001_1/colorado_ce1402db/2026-07-17_ad4ca41f/20260616174133_01.jpg,2026-07-17_ad4ca41f/20260616174039_01,1,animal,victor,2026-09-26T08:13:40+00:00,
colorado_ce1402db-20260909T225431Z-1-001_1/colorado_ce1402db/2026-07-17_ad4ca41f/20260616174135_01.jpg,2026-07-17_ad4ca41f/20260616174039_01,1,animal,victor,2026-09-26T08:13:40+00:00,
colorado_ce1402db-20260909T225431Z-1-001_1/colorado_ce1402db/2026-07-17_ad4ca41f/20260616174137_01.jpg,2026-07-17_ad4ca41f/20260616174039_01,1,animal,victor,2026-09-26T08:13:40+00:00,
colorado_ce1402db-20260909T225431Z-1-001_1/colorado_ce1402db/2026-07-17_ad4ca41f/20260616174138_01.jpg,2026-07-17_ad4ca41f/20260616174039_01,1,animal,victor,2026-09-26T08:13:41+00:00,
colorado_ce1402db-20260909T225431Z-1-001_1/colorado_ce1402db/2026-07-17_ad4ca41f/20260616174140_01.jpg,2026-07-17_ad4ca41f/20260616174039_01,1,animal,victor,2026-09-26T08:13:41+00:00,
colorado_ce1402db-20260909T225431Z-1-001_1/colorado_ce1402db/2026-07-17_ad4ca41f/20260616174142_01.jpg,2026-07-17_ad4ca41f/20260616174039_01,1,animal,victor,2026-09-26T08:13:41+00:00,
colorado_ce1402db-20260909T225431Z-1-001_1/colorado_ce1402db/2026-07-17_ad4ca41f/20260616174143_01.jpg,2026-07-17_ad4ca41f/20260616174039_01,1,animal,victor,2026-09-26T08:13:42+00:00,
colorado_ce1402db-20260909T225431Z-1-001_1/colorado_ce1402db/2026-07-17_ad4ca41f/20260616174145_01.jpg,2026-07-17_ad4ca41f/20260616174039_01,1,animal,victor,2026-09-26T08:13:42+00:00,
colorado_ce1402db-20260909T225431Z-1-001_1/colorado_ce1402db/2026-07-17_ad4ca41f/20260616174147_01.jpg,2026-07-17_ad4ca41f/20260616174039_01,1,animal,victor,2026-09-26T08:13:42+00:00,
colorado_ce1402db-20260909T225431Z-1-001_1/colorado_ce1402db/2026-07-17_ad4ca41f/20260616174149_01.jpg,2026-07-17_ad4ca41f/20260616174039_01,1,animal,victor,2026-09-26T08:13:42+00:00,
colorado_ce1402db-20260909T225431Z-1-001_1/colorado_ce1402db/2026-07-17_ad4ca41f/20260616174150_01.jpg,2026-07-17_ad4ca41f/20260616174039_01,1,animal,victor,2026-09-26T08:13:43+00:00,
colorado_ce1402db-20260909T225431Z-1-001_1/colorado_ce1402db/2026-07-17_ad4ca41f/20260616174152_01.jpg,2026-07-17_ad4ca41f/20260616174039_01,1,animal,victor,2026-09-26T08:13:43+00:00,
colorado_ce1402db-20260909T225431Z-1-001_1/colorado_ce1402db/2026-07-17_ad4ca41f/20260616174154_01.jpg,2026-07-17_ad4ca41f/20260616174039_01,1,animal,victor,2026-09-26T08:13:43+00:00,
colorado_ce1402db-20260909T225431Z-1-001_1/colorado_ce1402db/2026-07-17_ad4ca41f/20260616174155_01.jpg,2026-07-17_ad4ca41f/20260616174039_01,1,animal,victor,2026-09-26T08:13:44+00:00,
colorado_ce1402db-20260909T225431Z-1-001_1/colorado_ce1402db/2026-07-17_ad4ca41f/20260616174157_01.jpg,2026-07-17_ad4ca41f/20260616174039_01,1,animal,victor,2026-09-26T08:13:44+00:00,
colorado_ce1402db-20260909T225431Z-1-001_1/colorado_ce1402db/2026-07-17_ad4ca41f/20260616174159_01.jpg,2026-07-17_ad4ca41f/20260616174039_01,1,animal,victor,2026-09-26T08:13:44+00:00,
colorado_ce1402db-20260909T225431Z-1-001_1/colorado_ce1402db/2026-07-17_ad4ca41f/20260616174200_01.jpg,2026-07-17_ad4ca41f/20260616174039_01,1,animal,victor,2026-09-26T08:13:45+00:00,
colorado_ce1402db-20260909T225431Z-1-001_1/colorado_ce1402db/2026-07-17_ad4ca41f/20260616174202_01.jpg,2026-07-17_ad4ca41f/20260616174039_01,1,animal,victor,2026-09-26T08:13:48+00:00,
colorado_ce1402db-20260909T225431Z-1-001_1/colorado_ce1402db/2026-07-17_ad4ca41f/20260616174204_01.jpg,2026-07-17_ad4ca41f/20260616174039_01,0,empty,victor,2026-09-26T08:13:49+00:00,
colorado_ce1402db-20260909T225431Z-1-001_1/colorado_ce1402db/2026-07-17_ad4ca41f/20260616180016_01.jpg,2026-07-17_ad4ca41f/20260616180016_01,1,animal,victor,2026-09-26T08:13:50+00:00,
colorado_ce1402db-20260909T225431Z-1-001_1/colorado_ce1402db/2026-07-17_ad4ca41f/20260616180017_01.jpg,2026-07-17_ad4ca41f/20260616180016_01,1,animal,victor,2026-09-26T08:13:51+00:00,
colorado_ce1402db-20260909T225431Z-1-001_1/colorado_ce1402db/2026-07-17_ad4ca41f/20260616180019_01.jpg,2026-07-17_ad4ca41f/20260616180016_01,1,animal,victor,2026-09-26T08:13:51+00:00,
colorado_ce1402db-20260909T225431Z-1-001_1/colorado_ce1402db/2026-07-17_ad4ca41f/20260616180020_01.jpg,2026-07-17_ad4ca41f/20260616180016_01,1,animal,victor,2026-09-26T08:13:51+00:00,
colorado_ce1402db-20260909T225431Z-1-001_1/colorado_ce1402db/2026-07-17_ad4ca41f/20260616180022_01.jpg,2026-07-17_ad4ca41f/20260616180016_01,1,animal,victor,2026-09-26T08:13:52+00:00,
colorado_ce1402db-20260909T225431Z-1-001_1/colorado_ce1402db/2026-07-17_ad4ca41f/20260616180024_01.jpg,2026-07-17_ad4ca41f/20260616180016_01,1,animal,victor,2026-09-26T08:13:52+00:00,
colorado_ce1402db-20260909T225431Z-1-001_1/colorado_ce1402db/2026-07-17_ad4ca41f/20260616180026_01.jpg,2026-07-17_ad4ca41f/20260616180016_01,1,animal,victor,2026-09-26T08:13:53+00:00,
colorado_ce1402db-20260909T225431Z-1-001_1/colorado_ce1402db/2026-07-17_ad4ca41f/20260616180027_01.jpg,2026-07-17_ad4ca41f/20260616180016_01,1,animal,victor,2026-09-26T08:13:53+00:00,
colorado_ce1402db-20260909T225431Z-1-001_1/colorado_ce1402db/2026-07-17_ad4ca41f/20260616180029_01.jpg,2026-07-17_ad4ca41f/20260616180016_01,1,animal,victor,2026-09-26T08:13:53+00:00,
colorado_ce1402db-20260909T225431Z-1-001_1/colorado_ce1402db/2026-07-17_ad4ca41f/20260616180031_01.jpg,2026-07-17_ad4ca41f/20260616180016_01,1,animal,victor,2026-09-26T08:13:54+00:00,
colorado_ce1402db-20260909T225431Z-1-001_1/colorado_ce1402db/2026-07-17_ad4ca41f/20260616180032_01.jpg,2026-07-17_ad4ca41f/20260616180016_01,1,animal,victor,2026-09-26T08:13:54+00:00,
colorado_ce1402db-20260909T225431Z-1-001_1/colorado_ce1402db/2026-07-17_ad4ca41f/20260616180034_01.jpg,2026-07-17_ad4ca41f/20260616180016_01,1,animal,victor,2026-09-26T08:13:55+00:00,
colorado_ce1402db-20260909T225431Z-1-001_1/colorado_ce1402db/2026-07-17_ad4ca41f/20260616180036_01.jpg,2026-07-17_ad4ca41f/20260616180016_01,1,animal,victor,2026-09-26T08:13:55+00:00,
colorado_ce1402db-20260909T225431Z-1-001_1/colorado_ce1402db/2026-07-17_ad4ca41f/20260616180037_01.jpg,2026-07-17_ad4ca41f/20260616180016_01,1,animal,victor,2026-09-26T08:13:55+00:00,
colorado_ce1402db-20260909T225431Z-1-001_1/colorado_ce1402db/2026-07-17_ad4ca41f/20260616180039_01.jpg,2026-07-17_ad4ca41f/20260616180016_01,1,animal,victor,2026-09-26T08:13:56+00:00,
colorado_ce1402db-20260909T225431Z-1-001_1/colorado_ce1402db/2026-07-17_ad4ca41f/20260616180041_01.jpg,2026-07-17_ad4ca41f/20260616180016_01,1,animal,victor,2026-09-26T08:13:56+00:00,
colorado_ce1402db-20260909T225431Z-1-001_1/colorado_ce1402db/2026-07-17_ad4ca41f/20260616180042_01.jpg,2026-07-17_ad4ca41f/20260616180016_01,1,animal,victor,2026-09-26T08:13:56+00:00,
colorado_ce1402db-20260909T225431Z-1-001_1/colorado_ce1402db/2026-07-17_ad4ca41f/20260616180044_01.jpg,2026-07-17_ad4ca41f/20260616180016_01,1,animal,victor,2026-09-26T08:13:57+00:00,
colorado_ce1402db-20260909T225431Z-1-001_1/colorado_ce1402db/2026-07-17_ad4ca41f/20260616180641_01.jpg,2026-07-17_ad4ca41f/20260616180641_01,1,animal,victor,2026-09-26T08:13:58+00:00,
colorado_ce1402db-20260909T225431Z-1-001_1/colorado_ce1402db/2026-07-17_ad4ca41f/20260616180642_01.jpg,2026-07-17_ad4ca41f/20260616180641_01,1,animal,victor,2026-09-26T08:13:58+00:00,
colorado_ce1402db-20260909T225431Z-1-001_1/colorado_ce1402db/2026-07-17_ad4ca41f/20260616180644_01.jpg,2026-07-17_ad4ca41f/20260616180641_01,1,animal,victor,2026-09-26T08:13:59+00:00,
colorado_ce1402db-20260909T225431Z-1-001_1/colorado_ce1402db/2026-07-17_ad4ca41f/20260616180645_01.jpg,2026-07-17_ad4ca41f/20260616180641_01,1,animal,victor,2026-09-26T08:13:59+00:00,
colorado_ce1402db-20260909T225431Z-1-001_1/colorado_ce1402db/2026-07-17_ad4ca41f/20260616180647_01.jpg,2026-07-17_ad4ca41f/20260616180641_01,1,animal,victor,2026-09-26T08:14:00+00:00,
colorado_ce1402db-20260909T225431Z-1-001_1/colorado_ce1402db/2026-07-17_ad4ca41f/20260616180649_01.jpg,2026-07-17_ad4ca41f/20260616180641_01,1,animal,victor,2026-09-26T08:14:00+00:00,
colorado_ce1402db-20260909T225431Z-1-001_1/colorado_ce1402db/2026-07-17_ad4ca41f/20260616180650_01.jpg,2026-07-17_ad4ca41f/20260616180641_01,1,animal,victor,2026-09-26T08:14:00+00:00,
colorado_ce1402db-20260909T225431Z-1-001_1/colorado_ce1402db/2026-07-17_ad4ca41f/20260616180652_01.jpg,2026-07-17_ad4ca41f/20260616180641_01,1,animal,victor,2026-09-26T08:14:00+00:00,
colorado_ce1402db-20260909T225431Z-1-001_1/colorado_ce1402db/2026-07-17_ad4ca41f/20260616180654_01.jpg,2026-07-17_ad4ca41f/20260616180641_01,1,animal,victor,2026-09-26T08:14:01+00:00,
colorado_ce1402db-20260909T225431Z-1-001_1/colorado_ce1402db/2026-07-17_ad4ca41f/20260616180655_01.jpg,2026-07-17_ad4ca41f/20260616180641_01,1,animal,victor,2026-09-26T08:14:01+00:00,
colorado_ce1402db-20260909T225431Z-1-001_1/colorado_ce1402db/2026-07-17_ad4ca41f/20260616180657_01.jpg,2026-07-17_ad4ca41f/20260616180641_01,1,animal,victor,2026-09-26T08:14:02+00:00,
colorado_ce1402db-20260909T225431Z-1-001_1/colorado_ce1402db/2026-07-17_ad4ca41f/20260616180659_01.jpg,2026-07-17_ad4ca41f/20260616180641_01,1,animal,victor,2026-09-26T08:14:02+00:00,
colorado_ce1402db-20260909T225431Z-1-001_1/colorado_ce1402db/2026-07-17_ad4ca41f/20260616180700_01.jpg,2026-07-17_ad4ca41f/20260616180641_01,1,animal,victor,2026-09-26T08:14:02+00:00,
colorado_ce1402db-20260909T225431Z-1-001_1/colorado_ce1402db/2026-07-17_ad4ca41f/20260616181221_01.jpg,2026-07-17_ad4ca41f/20260616181221_01,1,animal,victor,2026-09-26T08:14:04+00:00,
colorado_ce1402db-20260909T225431Z-1-001_1/colorado_ce1402db/2026-07-17_ad4ca41f/20260616181222_01.jpg,2026-07-17_ad4ca41f/20260616181221_01,1,animal,victor,2026-09-26T08:14:07+00:00,
colorado_ce1402db-20260909T225431Z-1-001_1/colorado_ce1402db/2026-07-17_ad4ca41f/20260616181224_01.jpg,2026-07-17_ad4ca41f/20260616181221_01,1,animal,victor,2026-09-26T08:14:07+00:00,
colorado_ce1402db-20260909T225431Z-1-001_1/colorado_ce1402db/2026-07-17_ad4ca41f/20260616181225_01.jpg,2026-07-17_ad4ca41f/20260616181221_01,1,animal,victor,2026-09-26T08:14:08+00:00,
colorado_ce1402db-20260909T225431Z-1-001_1/colorado_ce1402db/2026-07-17_ad4ca41f/20260616181227_01.jpg,2026-07-17_ad4ca41f/20260616181221_01,1,animal,victor,2026-09-26T08:14:08+00:00,
colorado_ce1402db-20260909T225431Z-1-001_1/colorado_ce1402db/2026-07-17_ad4ca41f/20260616181229_01.jpg,2026-07-17_ad4ca41f/20260616181221_01,1,animal,victor,2026-09-26T08:14:09+00:00,
colorado_ce1402db-20260909T225431Z-1-001_1/colorado_ce1402db/2026-07-17_ad4ca41f/20260616181231_01.jpg,2026-07-17_ad4ca41f/20260616181221_01,1,animal,victor,2026-09-26T08:14:09+00:00,
colorado_ce1402db-20260909T225431Z-1-001_1/colorado_ce1402db/2026-07-17_ad4ca41f/20260616181232_01.jpg,2026-07-17_ad4ca41f/20260616181221_01,1,animal,victor,2026-09-26T08:14:10+00:00,
colorado_ce1402db-20260909T225431Z-1-001_1/colorado_ce1402db/2026-07-17_ad4ca41f/20260616181234_01.jpg,2026-07-17_ad4ca41f/20260616181221_01,1,animal,victor,2026-09-26T08:14:10+00:00,
colorado_ce1402db-20260909T225431Z-1-001_1/colorado_ce1402db/2026-07-17_ad4ca41f/20260616181236_01.jpg,2026-07-17_ad4ca41f/20260616181221_01,1,animal,victor,2026-09-26T08:14:11+00:00,
colorado_ce1402db-20260909T225431Z-1-001_1/colorado_ce1402db/2026-07-17_ad4ca41f/20260616181237_01.jpg,2026-07-17_ad4ca41f/20260616181221_01,1,animal,victor,2026-09-26T08:14:12+00:00,
colorado_ce1402db-20260909T225431Z-1-001_1/colorado_ce1402db/2026-07-17_ad4ca41f/20260616181241_01.jpg,2026-07-17_ad4ca41f/20260616181221_01,1,animal,victor,2026-09-26T08:14:12+00:00,
colorado_ce1402db-20260909T225431Z-1-001_1/colorado_ce1402db/2026-07-17_ad4ca41f/20260616181244_01.jpg,2026-07-17_ad4ca41f/20260616181221_01,1,animal,victor,2026-09-26T08:14:13+00:00,
colorado_ce1402db-20260909T225431Z-1-001_1/colorado_ce1402db/2026-07-17_ad4ca41f/20260616181246_01.jpg,2026-07-17_ad4ca41f/20260616181221_01,1,animal,victor,2026-09-26T08:14:13+00:00,
colorado_ce1402db-20260909T225431Z-1-001_1/colorado_ce1402db/2026-07-17_ad4ca41f/20260616181247_01.jpg,2026-07-17_ad4ca41f/20260616181221_01,1,animal,victor,2026-09-26T08:14:13+00:00,
colorado_ce1402db-20260909T225431Z-1-001_1/colorado_ce1402db/2026-07-17_ad4ca41f/20260616181249_01.jpg,2026-07-17_ad4ca41f/20260616181221_01,1,animal,victor,2026-09-26T08:14:14+00:00,
colorado_ce1402db-20260909T225431Z-1-001_1/colorado_ce1402db/2026-07-17_ad4ca41f/20260616181254_01.jpg,2026-07-17_ad4ca41f/20260616181221_01,1,animal,victor,2026-09-26T08:14:15+00:00,
colorado_ce1402db-20260909T225431Z-1-001_1/colorado_ce1402db/2026-07-17_ad4ca41f/20260616181257_01.jpg,2026-07-17_ad4ca41f/20260616181221_01,1,animal,victor,2026-09-26T08:14:15+00:00,
colorado_ce1402db-20260909T225431Z-1-001_1/colorado_ce1402db/2026-07-17_ad4ca41f/20260616181259_01.jpg,2026-07-17_ad4ca41f/20260616181221_01,1,animal,victor,2026-09-26T08:14:15+00:00,
colorado_ce1402db-20260909T225431Z-1-001_1/colorado_ce1402db/2026-07-17_ad4ca41f/20260616181304_01.jpg,2026-07-17_ad4ca41f/20260616181221_01,1,animal,victor,2026-09-26T08:14:16+00:00,
colorado_ce1402db-20260909T225431Z-1-001_1/colorado_ce1402db/2026-07-17_ad4ca41f/20260616181306_01.jpg,2026-07-17_ad4ca41f/20260616181221_01,1,animal,victor,2026-09-26T08:14:16+00:00,
colorado_ce1402db-20260909T225431Z-1-001_1/colorado_ce1402db/2026-07-17_ad4ca41f/20260616181307_01.jpg,2026-07-17_ad4ca41f/20260616181221_01,0,empty,victor,2026-09-26T08:14:18+00:00,
colorado_ce1402db-20260909T225431Z-1-001_1/colorado_ce1402db/2026-07-17_ad4ca41f/20260616181817_01.jpg,2026-07-17_ad4ca41f/20260616181817_01,1,animal,victor,2026-09-26T08:14:19+00:00,
colorado_ce1402db-20260909T225431Z-1-001_1/colorado_ce1402db/2026-07-17_ad4ca41f/20260616181820_01.jpg,2026-07-17_ad4ca41f/20260616181817_01,1,animal,victor,2026-09-26T08:14:19+00:00,
colorado_ce1402db-20260909T225431Z-1-001_1/colorado_ce1402db/2026-07-17_ad4ca41f/20260616181821_01.jpg,2026-07-17_ad4ca41f/20260616181817_01,1,animal,victor,2026-09-26T08:14:20+00:00,
colorado_ce1402db-20260909T225431Z-1-001_1/colorado_ce1402db/2026-07-17_ad4ca41f/20260616181826_01.jpg,2026-07-17_ad4ca41f/20260616181817_01,1,animal,victor,2026-09-26T08:14:20+00:00,
colorado_ce1402db-20260909T225431Z-1-001_1/colorado_ce1402db/2026-07-17_ad4ca41f/20260616181828_01.jpg,2026-07-17_ad4ca41f/20260616181817_01,1,animal,victor,2026-09-26T08:14:20+00:00,
colorado_ce1402db-20260909T225431Z-1-001_1/colorado_ce1402db/2026-07-17_ad4ca41f/20260616181831_01.jpg,2026-07-17_ad4ca41f/20260616181817_01,1,animal,victor,2026-09-26T08:14:21+00:00,
colorado_ce1402db-20260909T225431Z-1-001_1/colorado_ce1402db/2026-07-17_ad4ca41f/20260616181833_01.jpg,2026-07-17_ad4ca41f/20260616181817_01,1,animal,victor,2026-09-26T08:14:21+00:00,
colorado_ce1402db-20260909T225431Z-1-001_1/colorado_ce1402db/2026-07-17_ad4ca41f/20260616181835_01.jpg,2026-07-17_ad4ca41f/20260616181817_01,1,animal,victor,2026-09-26T08:14:22+00:00,
colorado_ce1402db-20260909T225431Z-1-001_1/colorado_ce1402db/2026-07-17_ad4ca41f/20260616181836_01.jpg,2026-07-17_ad4ca41f/20260616181817_01,1,animal,victor,2026-09-26T08:14:22+00:00,
colorado_ce1402db-20260909T225431Z-1-001_1/colorado_ce1402db/2026-07-17_ad4ca41f/20260616181838_01.jpg,2026-07-17_ad4ca41f/20260616181817_01,1,animal,victor,2026-09-26T08:14:23+00:00,
colorado_ce1402db-20260909T225431Z-1-001_1/colorado_ce1402db/2026-07-17_ad4ca41f/20260616181841_01.jpg,2026-07-17_ad4ca41f/20260616181817_01,1,animal,victor,2026-09-26T08:14:23+00:00,
colorado_ce1402db-20260909T225431Z-1-001_1/colorado_ce1402db/2026-07-17_ad4ca41f/20260616181843_01.jpg,2026-07-17_ad4ca41f/20260616181817_01,0,empty,victor,2026-09-26T08:14:25+00:00,
colorado_ce1402db-20260909T225431Z-1-001_1/colorado_ce1402db/2026-07-17_ad4ca41f/20260616181845_01.jpg,2026-07-17_ad4ca41f/20260616181817_01,1,animal,victor,2026-09-26T08:14:26+00:00,
colorado_ce1402db-20260909T225431Z-1-001_1/colorado_ce1402db/2026-07-17_ad4ca41f/20260616181848_01.jpg,2026-07-17_ad4ca41f/20260616181817_01,1,animal,victor,2026-09-26T08:14:27+00:00,
colorado_ce1402db-20260909T225431Z-1-001_1/colorado_ce1402db/2026-07-17_ad4ca41f/20260616181851_01.jpg,2026-07-17_ad4ca41f/20260616181817_01,1,animal,victor,2026-09-26T08:14:27+00:00,
colorado_ce1402db-20260909T225431Z-1-001_1/colorado_ce1402db/2026-07-17_ad4ca41f/20260616181853_01.jpg,2026-07-17_ad4ca41f/20260616181817_01,1,animal,victor,2026-09-26T08:14:27+00:00,
colorado_ce1402db-20260909T225431Z-1-001_1/colorado_ce1402db/2026-07-17_ad4ca41f/20260616181855_01.jpg,2026-07-17_ad4ca41f/20260616181817_01,1,animal,victor,2026-09-26T08:14:28+00:00,
colorado_ce1402db-20260909T225431Z-1-001_1/colorado_ce1402db/2026-07-17_ad4ca41f/20260616181858_01.jpg,2026-07-17_ad4ca41f/20260616181817_01,1,animal,victor,2026-09-26T08:14:28+00:00,
colorado_ce1402db-20260909T225431Z-1-001_1/colorado_ce1402db/2026-07-17_ad4ca41f/20260616181900_01.jpg,2026-07-17_ad4ca41f/20260616181817_01,1,animal,victor,2026-09-26T08:14:38+00:00,
colorado_ce1402db-20260909T225431Z-1-001_1/colorado_ce1402db/2026-07-17_ad4ca41f/20260616181901_01.jpg,2026-07-17_ad4ca41f/20260616181817_01,1,animal,victor,2026-09-26T08:14:38+00:00,
colorado_ce1402db-20260909T225431Z-1-001_1/colorado_ce1402db/2026-07-17_ad4ca41f/20260616181903_01.jpg,2026-07-17_ad4ca41f/20260616181817_01,1,animal,victor,2026-09-26T08:14:39+00:00,
colorado_ce1402db-20260909T225431Z-1-001_1/colorado_ce1402db/2026-07-17_ad4ca41f/20260616181905_01.jpg,2026-07-17_ad4ca41f/20260616181817_01,1,animal,victor,2026-09-26T08:14:39+00:00,
colorado_ce1402db-20260909T225431Z-1-001_1/colorado_ce1402db/2026-07-17_ad4ca41f/20260616181908_01.jpg,2026-07-17_ad4ca41f/20260616181817_01,1,animal,victor,2026-09-26T08:14:40+00:00,
colorado_ce1402db-20260909T225431Z-1-001_1/colorado_ce1402db/2026-07-17_ad4ca41f/20260616181910_01.jpg,2026-07-17_ad4ca41f/20260616181817_01,1,animal,victor,2026-09-26T08:14:45+00:00,
colorado_ce1402db-20260909T225431Z-1-001_1/colorado_ce1402db/2026-07-17_ad4ca41f/20260616181915_01.jpg,2026-07-17_ad4ca41f/20260616181817_01,1,animal,victor,2026-09-26T08:14:45+00:00,
colorado_ce1402db-20260909T225431Z-1-001_1/colorado_ce1402db/2026-07-17_ad4ca41f/20260616181916_01.jpg,2026-07-17_ad4ca41f/20260616181817_01,1,animal,victor,2026-09-26T08:14:46+00:00,
colorado_ce1402db-20260909T225431Z-1-001_1/colorado_ce1402db/2026-07-17_ad4ca41f/20260616181918_01.jpg,2026-07-17_ad4ca41f/20260616181817_01,1,animal,victor,2026-09-26T08:14:46+00:00,
colorado_ce1402db-20260909T225431Z-1-001_1/colorado_ce1402db/2026-07-17_ad4ca41f/20260616181920_01.jpg,2026-07-17_ad4ca41f/20260616181817_01,1,animal,victor,2026-09-26T08:14:52+00:00,
colorado_ce1402db-20260909T225431Z-1-001_1/colorado_ce1402db/2026-07-17_ad4ca41f/20260616181922_01.jpg,2026-07-17_ad4ca41f/20260616181817_01,1,animal,victor,2026-09-26T08:14:52+00:00,
colorado_ce1402db-20260909T225431Z-1-001_1/colorado_ce1402db/2026-07-17_ad4ca41f/20260616181923_01.jpg,2026-07-17_ad4ca41f/20260616181817_01,1,animal,victor,2026-09-26T08:14:53+00:00,
colorado_ce1402db-20260909T225431Z-1-001_1/colorado_ce1402db/2026-07-17_ad4ca41f/20260616181925_01.jpg,2026-07-17_ad4ca41f/20260616181817_01,1,animal,victor,2026-09-26T08:14:53+00:00,
colorado_ce1402db-20260909T225431Z-1-001_1/colorado_ce1402db/2026-07-17_ad4ca41f/20260616181928_01.jpg,2026-07-17_ad4ca41f/20260616181817_01,1,animal,victor,2026-09-26T08:14:53+00:00,
colorado_ce1402db-20260909T225431Z-1-001_1/colorado_ce1402db/2026-07-17_ad4ca41f/20260616181930_01.jpg,2026-07-17_ad4ca41f/20260616181817_01,1,animal,victor,2026-09-26T08:14:54+00:00,
colorado_ce1402db-20260909T225431Z-1-001_1/colorado_ce1402db/2026-07-17_ad4ca41f/20260616181932_01.jpg,2026-07-17_ad4ca41f/20260616181817_01,1,animal,victor,2026-09-26T08:14:54+00:00,
colorado_ce1402db-20260909T225431Z-1-001_1/colorado_ce1402db/2026-07-17_ad4ca41f/20260616181933_01.jpg,2026-07-17_ad4ca41f/20260616181817_01,1,animal,victor,2026-09-26T08:14:54+00:00,
colorado_ce1402db-20260909T225431Z-1-001_1/colorado_ce1402db/2026-07-17_ad4ca41f/20260616181937_01.jpg,2026-07-17_ad4ca41f/20260616181817_01,1,animal,victor,2026-09-26T08:14:55+00:00,
colorado_ce1402db-20260909T225431Z-1-001_1/colorado_ce1402db/2026-07-17_ad4ca41f/20260616181940_01.jpg,2026-07-17_ad4ca41f/20260616181817_01,1,animal,victor,2026-09-26T08:14:55+00:00,
colorado_ce1402db-20260909T225431Z-1-001_1/colorado_ce1402db/2026-07-17_ad4ca41f/20260616181942_01.jpg,2026-07-17_ad4ca41f/20260616181817_01,1,animal,victor,2026-09-26T08:14:55+00:00,
colorado_ce1402db-20260909T225431Z-1-001_1/colorado_ce1402db/2026-07-17_ad4ca41f/20260616181947_01.jpg,2026-07-17_ad4ca41f/20260616181817_01,1,animal,victor,2026-09-26T08:14:56+00:00,
colorado_ce1402db-20260909T225431Z-1-001_1/colorado_ce1402db/2026-07-17_ad4ca41f/20260616181948_01.jpg,2026-07-17_ad4ca41f/20260616181817_01,1,animal,victor,2026-09-26T08:14:56+00:00,
colorado_ce1402db-20260909T225431Z-1-001_1/colorado_ce1402db/2026-07-17_ad4ca41f/20260616181950_01.jpg,2026-07-17_ad4ca41f/20260616181817_01,1,animal,victor,2026-09-26T08:14:56+00:00,
colorado_ce1402db-20260909T225431Z-1-001_1/colorado_ce1402db/2026-07-17_ad4ca41f/20260616181952_01.jpg,2026-07-17_ad4ca41f/20260616181817_01,1,animal,victor,2026-09-26T08:14:57+00:00,
colorado_ce1402db-20260909T225431Z-1-001_1/colorado_ce1402db/2026-07-17_ad4ca41f/20260616181953_01.jpg,2026-07-17_ad4ca41f/20260616181817_01,1,animal,victor,2026-09-26T08:14:57+00:00,
colorado_ce1402db-20260909T225431Z-1-001_1/colorado_ce1402db/2026-07-17_ad4ca41f/20260616181955_01.jpg,2026-07-17_ad4ca41f/20260616181817_01,1,animal,victor,2026-09-26T08:14:57+00:00,
colorado_ce1402db-20260909T225431Z-1-001_1/colorado_ce1402db/2026-07-17_ad4ca41f/20260616181957_01.jpg,2026-07-17_ad4ca41f/20260616181817_01,1,animal,victor,2026-09-26T08:14:58+00:00,
colorado_ce1402db-20260909T225431Z-1-001_1/colorado_ce1402db/2026-07-17_ad4ca41f/20260616181958_01.jpg,2026-07-17_ad4ca41f/20260616181817_01,1,animal,victor,2026-09-26T08:14:58+00:00,
colorado_ce1402db-20260909T225431Z-1-001_1/colorado_ce1402db/2026-07-17_ad4ca41f/20260616182000_01.jpg,2026-07-17_ad4ca41f/20260616181817_01,1,animal,victor,2026-09-26T08:14:59+00:00,
colorado_ce1402db-20260909T225431Z-1-001_1/colorado_ce1402db/2026-07-17_ad4ca41f/20260616182002_01.jpg,2026-07-17_ad4ca41f/20260616181817_01,1,animal,victor,2026-09-26T08:14:59+00:00,
colorado_ce1402db-20260909T225431Z-1-001_1/colorado_ce1402db/2026-07-17_ad4ca41f/20260616182003_01.jpg,2026-07-17_ad4ca41f/20260616181817_01,1,animal,victor,2026-09-26T08:14:59+00:00,
colorado_ce1402db-20260909T225431Z-1-001_1/colorado_ce1402db/2026-07-17_ad4ca41f/20260616182005_01.jpg,2026-07-17_ad4ca41f/20260616181817_01,1,animal,victor,2026-09-26T08:14:59+00:00,
colorado_ce1402db-20260909T225431Z-1-001_1/colorado_ce1402db/2026-07-17_ad4ca41f/20260616182008_01.jpg,2026-07-17_ad4ca41f/20260616181817_01,1,animal,victor,2026-09-26T08:15:00+00:00,
colorado_ce1402db-20260909T225431Z-1-001_1/colorado_ce1402db/2026-07-17_ad4ca41f/20260616182012_01.jpg,2026-07-17_ad4ca41f/20260616181817_01,1,animal,victor,2026-09-26T08:15:00+00:00,
colorado_ce1402db-20260909T225431Z-1-001_1/colorado_ce1402db/2026-07-17_ad4ca41f/20260616182014_01.jpg,2026-07-17_ad4ca41f/20260616181817_01,1,animal,victor,2026-09-26T08:15:00+00:00,
colorado_ce1402db-20260909T225431Z-1-001_1/colorado_ce1402db/2026-07-17_ad4ca41f/20260616182019_01.jpg,2026-07-17_ad4ca41f/20260616181817_01,1,animal,victor,2026-09-26T08:15:01+00:00,
colorado_ce1402db-20260909T225431Z-1-001_1/colorado_ce1402db/2026-07-17_ad4ca41f/20260616182020_01.jpg,2026-07-17_ad4ca41f/20260616181817_01,1,animal,victor,2026-09-26T08:15:01+00:00,
colorado_ce1402db-20260909T225431Z-1-001_1/colorado_ce1402db/2026-07-17_ad4ca41f/20260616182024_01.jpg,2026-07-17_ad4ca41f/20260616181817_01,1,animal,victor,2026-09-26T08:15:02+00:00,
colorado_ce1402db-20260909T225431Z-1-001_1/colorado_ce1402db/2026-07-17_ad4ca41f/20260616182025_01.jpg,2026-07-17_ad4ca41f/20260616181817_01,1,animal,victor,2026-09-26T08:15:02+00:00,
colorado_ce1402db-20260909T225431Z-1-001_1/colorado_ce1402db/2026-07-17_ad4ca41f/20260616182027_01.jpg,2026-07-17_ad4ca41f/20260616181817_01,1,animal,victor,2026-09-26T08:15:02+00:00,
colorado_ce1402db-20260909T225431Z-1-001_1/colorado_ce1402db/2026-07-17_ad4ca41f/20260616182029_01.jpg,2026-07-17_ad4ca41f/20260616181817_01,1,animal,victor,2026-09-26T08:15:02+00:00,
colorado_ce1402db-20260909T225431Z-1-001_1/colorado_ce1402db/2026-07-17_ad4ca41f/20260616182030_01.jpg,2026-07-17_ad4ca41f/20260616181817_01,1,animal,victor,2026-09-26T08:15:03+00:00,
colorado_ce1402db-20260909T225431Z-1-001_1/colorado_ce1402db/2026-07-17_ad4ca41f/20260616182032_01.jpg,2026-07-17_ad4ca41f/20260616181817_01,1,animal,victor,2026-09-26T08:15:03+00:00,
colorado_ce1402db-20260909T225431Z-1-001_1/colorado_ce1402db/2026-07-17_ad4ca41f/20260616182034_01.jpg,2026-07-17_ad4ca41f/20260616181817_01,1,animal,victor,2026-09-26T08:15:03+00:00,
colorado_ce1402db-20260909T225431Z-1-001_1/colorado_ce1402db/2026-07-17_ad4ca41f/20260616182035_01.jpg,2026-07-17_ad4ca41f/20260616181817_01,1,animal,victor,2026-09-26T08:15:04+00:00,
colorado_ce1402db-20260909T225431Z-1-001_1/colorado_ce1402db/2026-07-17_ad4ca41f/20260616182037_01.jpg,2026-07-17_ad4ca41f/20260616181817_01,1,animal,victor,2026-09-26T08:15:04+00:00,
colorado_ce1402db-20260909T225431Z-1-001_1/colorado_ce1402db/2026-07-17_ad4ca41f/20260616182039_01.jpg,2026-07-17_ad4ca41f/20260616181817_01,1,animal,victor,2026-09-26T08:15:04+00:00,
colorado_ce1402db-20260909T225431Z-1-001_1/colorado_ce1402db/2026-07-17_ad4ca41f/20260616182040_01.jpg,2026-07-17_ad4ca41f/20260616181817_01,1,animal,victor,2026-09-26T08:15:04+00:00,
colorado_ce1402db-20260909T225431Z-1-001_1/colorado_ce1402db/2026-07-17_ad4ca41f/20260616182042_01.jpg,2026-07-17_ad4ca41f/20260616181817_01,1,animal,victor,2026-09-26T08:15:05+00:00,
colorado_ce1402db-20260909T225431Z-1-001_1/colorado_ce1402db/2026-07-17_ad4ca41f/20260616182044_01.jpg,2026-07-17_ad4ca41f/20260616181817_01,1,animal,victor,2026-09-26T08:15:05+00:00,
colorado_ce1402db-20260909T225431Z-1-001_1/colorado_ce1402db/2026-07-17_ad4ca41f/20260616182045_01.jpg,2026-07-17_ad4ca41f/20260616181817_01,1,animal,victor,2026-09-26T08:15:05+00:00,
colorado_ce1402db-20260909T225431Z-1-001_1/colorado_ce1402db/2026-07-17_ad4ca41f/20260616182047_01.jpg,2026-07-17_ad4ca41f/20260616181817_01,1,animal,victor,2026-09-26T08:15:06+00:00,
colorado_ce1402db-20260909T225431Z-1-001_1/colorado_ce1402db/2026-07-17_ad4ca41f/20260616182049_01.jpg,2026-07-17_ad4ca41f/20260616181817_01,1,animal,victor,2026-09-26T08:15:06+00:00,
colorado_ce1402db-20260909T225431Z-1-001_1/colorado_ce1402db/2026-07-17_ad4ca41f/20260616182050_01.jpg,2026-07-17_ad4ca41f/20260616181817_01,1,animal,victor,2026-09-26T08:15:06+00:00,
colorado_ce1402db-20260909T225431Z-1-001_1/colorado_ce1402db/2026-07-17_ad4ca41f/20260616182052_01.jpg,2026-07-17_ad4ca41f/20260616181817_01,1,animal,victor,2026-09-26T08:15:07+00:00,
colorado_ce1402db-20260909T225431Z-1-001_1/colorado_ce1402db/2026-07-17_ad4ca41f/20260616182054_01.jpg,2026-07-17_ad4ca41f/20260616181817_01,1,animal,victor,2026-09-26T08:15:07+00:00,
colorado_ce1402db-20260909T225431Z-1-001_1/colorado_ce1402db/2026-07-17_ad4ca41f/20260616182055_01.jpg,2026-07-17_ad4ca41f/20260616181817_01,1,animal,victor,2026-09-26T08:15:07+00:00,
colorado_ce1402db-20260909T225431Z-1-001_1/colorado_ce1402db/2026-07-17_ad4ca41f/20260616182057_01.jpg,2026-07-17_ad4ca41f/20260616181817_01,1,animal,victor,2026-09-26T08:15:08+00:00,
colorado_ce1402db-20260909T225431Z-1-001_1/colorado_ce1402db/2026-07-17_ad4ca41f/20260616182059_01.jpg,2026-07-17_ad4ca41f/20260616181817_01,1,animal,victor,2026-09-26T08:15:08+00:00,
colorado_ce1402db-20260909T225431Z-1-001_1/colorado_ce1402db/2026-07-17_ad4ca41f/20260616182100_01.jpg,2026-07-17_ad4ca41f/20260616181817_01,1,animal,victor,2026-09-26T08:15:09+00:00,
colorado_ce1402db-20260909T225431Z-1-001_1/colorado_ce1402db/2026-07-17_ad4ca41f/20260616182102_01.jpg,2026-07-17_ad4ca41f/20260616181817_01,1,animal,victor,2026-09-26T08:15:09+00:00,
colorado_ce1402db-20260909T225431Z-1-001_1/colorado_ce1402db/2026-07-17_ad4ca41f/20260616182104_01.jpg,2026-07-17_ad4ca41f/20260616181817_01,1,animal,victor,2026-09-26T08:15:10+00:00,
colorado_ce1402db-20260909T225431Z-1-001_1/colorado_ce1402db/2026-07-17_ad4ca41f/20260616182105_01.jpg,2026-07-17_ad4ca41f/20260616181817_01,1,animal,victor,2026-09-26T08:15:10+00:00,
colorado_ce1402db-20260909T225431Z-1-001_1/colorado_ce1402db/2026-07-17_ad4ca41f/20260616182107_01.jpg,2026-07-17_ad4ca41f/20260616181817_01,1,animal,victor,2026-09-26T08:15:11+00:00,
colorado_ce1402db-20260909T225431Z-1-001_1/colorado_ce1402db/2026-07-17_ad4ca41f/20260616182109_01.jpg,2026-07-17_ad4ca41f/20260616181817_01,1,animal,victor,2026-09-26T08:15:11+00:00,
colorado_ce1402db-20260909T225431Z-1-001_1/colorado_ce1402db/2026-07-17_ad4ca41f/20260616182111_01.jpg,2026-07-17_ad4ca41f/20260616181817_01,1,animal,victor,2026-09-26T08:15:11+00:00,
colorado_ce1402db-20260909T225431Z-1-001_1/colorado_ce1402db/2026-07-17_ad4ca41f/20260616182112_01.jpg,2026-07-17_ad4ca41f/20260616181817_01,1,animal,victor,2026-09-26T08:15:12+00:00,
colorado_ce1402db-20260909T225431Z-1-001_1/colorado_ce1402db/2026-07-17_ad4ca41f/20260616182114_01.jpg,2026-07-17_ad4ca41f/20260616181817_01,1,animal,victor,2026-09-26T08:15:12+00:00,
colorado_ce1402db-20260909T225431Z-1-001_1/colorado_ce1402db/2026-07-17_ad4ca41f/20260616182116_01.jpg,2026-07-17_ad4ca41f/20260616181817_01,1,animal,victor,2026-09-26T08:15:13+00:00,
colorado_ce1402db-20260909T225431Z-1-001_1/colorado_ce1402db/2026-07-17_ad4ca41f/20260616182117_01.jpg,2026-07-17_ad4ca41f/20260616181817_01,1,animal,victor,2026-09-26T08:15:13+00:00,
colorado_ce1402db-20260909T225431Z-1-001_1/colorado_ce1402db/2026-07-17_ad4ca41f/20260616182119_01.jpg,2026-07-17_ad4ca41f/20260616181817_01,1,animal,victor,2026-09-26T08:15:13+00:00,
colorado_ce1402db-20260909T225431Z-1-001_1/colorado_ce1402db/2026-07-17_ad4ca41f/20260616182622_01.jpg,2026-07-17_ad4ca41f/20260616182622_01,1,animal,victor,2026-09-26T08:15:14+00:00,
colorado_ce1402db-20260909T225431Z-1-001_1/colorado_ce1402db/2026-07-17_ad4ca41f/20260616182623_01.jpg,2026-07-17_ad4ca41f/20260616182622_01,1,animal,victor,2026-09-26T08:15:14+00:00,
colorado_ce1402db-20260909T225431Z-1-001_1/colorado_ce1402db/2026-07-17_ad4ca41f/20260616182625_01.jpg,2026-07-17_ad4ca41f/20260616182622_01,1,animal,victor,2026-09-26T08:15:14+00:00,
colorado_ce1402db-20260909T225431Z-1-001_1/colorado_ce1402db/2026-07-17_ad4ca41f/20260616182627_01.jpg,2026-07-17_ad4ca41f/20260616182622_01,1,animal,victor,2026-09-26T08:15:15+00:00,
colorado_ce1402db-20260909T225431Z-1-001_1/colorado_ce1402db/2026-07-17_ad4ca41f/20260616182628_01.jpg,2026-07-17_ad4ca41f/20260616182622_01,1,animal,victor,2026-09-26T08:15:15+00:00,
colorado_ce1402db-20260909T225431Z-1-001_1/colorado_ce1402db/2026-07-17_ad4ca41f/20260616182630_01.jpg,2026-07-17_ad4ca41f/20260616182622_01,1,animal,victor,2026-09-26T08:15:16+00:00,
colorado_ce1402db-20260909T225431Z-1-001_1/colorado_ce1402db/2026-07-17_ad4ca41f/20260616182632_01.jpg,2026-07-17_ad4ca41f/20260616182622_01,1,animal,victor,2026-09-26T08:15:16+00:00,
colorado_ce1402db-20260909T225431Z-1-001_1/colorado_ce1402db/2026-07-17_ad4ca41f/20260616182633_01.jpg,2026-07-17_ad4ca41f/20260616182622_01,1,animal,victor,2026-09-26T08:15:17+00:00,
colorado_ce1402db-20260909T225431Z-1-001_1/colorado_ce1402db/2026-07-17_ad4ca41f/20260616182635_01.jpg,2026-07-17_ad4ca41f/20260616182622_01,1,animal,victor,2026-09-26T08:15:17+00:00,
colorado_ce1402db-20260909T225431Z-1-001_1/colorado_ce1402db/2026-07-17_ad4ca41f/20260616182637_01.jpg,2026-07-17_ad4ca41f/20260616182622_01,1,animal,victor,2026-09-26T08:15:17+00:00,
colorado_ce1402db-20260909T225431Z-1-001_1/colorado_ce1402db/2026-07-17_ad4ca41f/20260616182638_01.jpg,2026-07-17_ad4ca41f/20260616182622_01,1,animal,victor,2026-09-26T08:15:18+00:00,
colorado_ce1402db-20260909T225431Z-1-001_1/colorado_ce1402db/2026-07-17_ad4ca41f/20260616182640_01.jpg,2026-07-17_ad4ca41f/20260616182622_01,1,animal,victor,2026-09-26T08:15:18+00:00,
colorado_ce1402db-20260909T225431Z-1-001_1/colorado_ce1402db/2026-07-17_ad4ca41f/20260616182642_01.jpg,2026-07-17_ad4ca41f/20260616182622_01,1,animal,victor,2026-09-26T08:15:18+00:00,
colorado_ce1402db-20260909T225431Z-1-001_1/colorado_ce1402db/2026-07-17_ad4ca41f/20260616182643_01.jpg,2026-07-17_ad4ca41f/20260616182622_01,1,animal,victor,2026-09-26T08:15:19+00:00,
colorado_ce1402db-20260909T225431Z-1-001_1/colorado_ce1402db/2026-07-17_ad4ca41f/20260616182645_01.jpg,2026-07-17_ad4ca41f/20260616182622_01,1,animal,victor,2026-09-26T08:15:19+00:00,
colorado_ce1402db-20260909T225431Z-1-001_1/colorado_ce1402db/2026-07-17_ad4ca41f/20260616182647_01.jpg,2026-07-17_ad4ca41f/20260616182622_01,1,animal,victor,2026-09-26T08:15:19+00:00,
colorado_ce1402db-20260909T225431Z-1-001_1/colorado_ce1402db/2026-07-17_ad4ca41f/20260616182648_01.jpg,2026-07-17_ad4ca41f/20260616182622_01,1,animal,victor,2026-09-26T08:15:19+00:00,
colorado_ce1402db-20260909T225431Z-1-001_1/colorado_ce1402db/2026-07-17_ad4ca41f/20260616182650_01.jpg,2026-07-17_ad4ca41f/20260616182622_01,1,animal,victor,2026-09-26T08:15:20+00:00,
colorado_ce1402db-20260909T225431Z-1-001_1/colorado_ce1402db/2026-07-17_ad4ca41f/20260616182652_01.jpg,2026-07-17_ad4ca41f/20260616182622_01,1,animal,victor,2026-09-26T08:15:20+00:00,
colorado_ce1402db-20260909T225431Z-1-001_1/colorado_ce1402db/2026-07-17_ad4ca41f/20260616182653_01.jpg,2026-07-17_ad4ca41f/20260616182622_01,1,animal,victor,2026-09-26T08:15:20+00:00,
colorado_ce1402db-20260909T225431Z-1-001_1/colorado_ce1402db/2026-07-17_ad4ca41f/20260616182655_01.jpg,2026-07-17_ad4ca41f/20260616182622_01,1,animal,victor,2026-09-26T08:15:21+00:00,
colorado_ce1402db-20260909T225431Z-1-001_1/colorado_ce1402db/2026-07-17_ad4ca41f/20260616182657_01.jpg,2026-07-17_ad4ca41f/20260616182622_01,1,animal,victor,2026-09-26T08:15:21+00:00,
colorado_ce1402db-20260909T225431Z-1-001_1/colorado_ce1402db/2026-07-17_ad4ca41f/20260616182658_01.jpg,2026-07-17_ad4ca41f/20260616182622_01,1,animal,victor,2026-09-26T08:15:21+00:00,
colorado_ce1402db-20260909T225431Z-1-001_1/colorado_ce1402db/2026-07-17_ad4ca41f/20260616182700_01.jpg,2026-07-17_ad4ca41f/20260616182622_01,1,animal,victor,2026-09-26T08:15:22+00:00,
colorado_ce1402db-20260909T225431Z-1-001_1/colorado_ce1402db/2026-07-17_ad4ca41f/20260616182702_01.jpg,2026-07-17_ad4ca41f/20260616182622_01,1,animal,victor,2026-09-26T08:15:22+00:00,
colorado_ce1402db-20260909T225431Z-1-001_1/colorado_ce1402db/2026-07-17_ad4ca41f/20260616182703_01.jpg,2026-07-17_ad4ca41f/20260616182622_01,1,animal,victor,2026-09-26T08:15:23+00:00,
colorado_ce1402db-20260909T225431Z-1-001_1/colorado_ce1402db/2026-07-17_ad4ca41f/20260616182705_01.jpg,2026-07-17_ad4ca41f/20260616182622_01,1,animal,victor,2026-09-26T08:15:23+00:00,
colorado_ce1402db-20260909T225431Z-1-001_1/colorado_ce1402db/2026-07-17_ad4ca41f/20260616182707_01.jpg,2026-07-17_ad4ca41f/20260616182622_01,1,animal,victor,2026-09-26T08:15:23+00:00,
colorado_ce1402db-20260909T225431Z-1-001_1/colorado_ce1402db/2026-07-17_ad4ca41f/20260616182708_01.jpg,2026-07-17_ad4ca41f/20260616182622_01,1,animal,victor,2026-09-26T08:15:25+00:00,
colorado_ce1402db-20260909T225431Z-1-001_1/colorado_ce1402db/2026-07-17_ad4ca41f/20260616182710_01.jpg,2026-07-17_ad4ca41f/20260616182622_01,1,animal,victor,2026-09-26T08:15:25+00:00,
colorado_ce1402db-20260909T225431Z-1-001_1/colorado_ce1402db/2026-07-17_ad4ca41f/20260616182712_01.jpg,2026-07-17_ad4ca41f/20260616182622_01,1,animal,victor,2026-09-26T08:15:26+00:00,
colorado_ce1402db-20260909T225431Z-1-001_1/colorado_ce1402db/2026-07-17_ad4ca41f/20260616182713_01.jpg,2026-07-17_ad4ca41f/20260616182622_01,1,animal,victor,2026-09-26T08:15:26+00:00,
colorado_ce1402db-20260909T225431Z-1-001_1/colorado_ce1402db/2026-07-17_ad4ca41f/20260616182715_01.jpg,2026-07-17_ad4ca41f/20260616182622_01,1,animal,victor,2026-09-26T08:15:27+00:00,
colorado_ce1402db-20260909T225431Z-1-001_1/colorado_ce1402db/2026-07-17_ad4ca41f/20260616182717_01.jpg,2026-07-17_ad4ca41f/20260616182622_01,1,animal,victor,2026-09-26T08:15:27+00:00,
colorado_ce1402db-20260909T225431Z-1-001_1/colorado_ce1402db/2026-07-17_ad4ca41f/20260616182718_01.jpg,2026-07-17_ad4ca41f/20260616182622_01,1,animal,victor,2026-09-26T08:15:28+00:00,
colorado_ce1402db-20260909T225431Z-1-001_1/colorado_ce1402db/2026-07-17_ad4ca41f/20260616182720_01.jpg,2026-07-17_ad4ca41f/20260616182622_01,1,animal,victor,2026-09-26T08:15:28+00:00,
colorado_ce1402db-20260909T225431Z-1-001_1/colorado_ce1402db/2026-07-17_ad4ca41f/20260616182722_01.jpg,2026-07-17_ad4ca41f/20260616182622_01,1,animal,victor,2026-09-26T08:15:28+00:00,
colorado_ce1402db-20260909T225431Z-1-001_1/colorado_ce1402db/2026-07-17_ad4ca41f/20260616182723_01.jpg,2026-07-17_ad4ca41f/20260616182622_01,1,animal,victor,2026-09-26T08:15:29+00:00,
colorado_ce1402db-20260909T225431Z-1-001_1/colorado_ce1402db/2026-07-17_ad4ca41f/20260616182725_01.jpg,2026-07-17_ad4ca41f/20260616182622_01,1,animal,victor,2026-09-26T08:15:29+00:00,
colorado_ce1402db-20260909T225431Z-1-001_1/colorado_ce1402db/2026-07-17_ad4ca41f/20260616182727_01.jpg,2026-07-17_ad4ca41f/20260616182622_01,1,animal,victor,2026-09-26T08:15:29+00:00,
colorado_ce1402db-20260909T225431Z-1-001_1/colorado_ce1402db/2026-07-17_ad4ca41f/20260616182728_01.jpg,2026-07-17_ad4ca41f/20260616182622_01,1,animal,victor,2026-09-26T08:15:30+00:00,
colorado_ce1402db-20260909T225431Z-1-001_1/colorado_ce1402db/2026-07-17_ad4ca41f/20260616182730_01.jpg,2026-07-17_ad4ca41f/20260616182622_01,1,animal,victor,2026-09-26T08:15:30+00:00,
colorado_ce1402db-20260909T225431Z-1-001_1/colorado_ce1402db/2026-07-17_ad4ca41f/20260616182732_01.jpg,2026-07-17_ad4ca41f/20260616182622_01,1,animal,victor,2026-09-26T08:15:30+00:00,
colorado_ce1402db-20260909T225431Z-1-001_1/colorado_ce1402db/2026-07-17_ad4ca41f/20260616182733_01.jpg,2026-07-17_ad4ca41f/20260616182622_01,1,animal,victor,2026-09-26T08:15:31+00:00,
colorado_ce1402db-20260909T225431Z-1-001_1/colorado_ce1402db/2026-07-17_ad4ca41f/20260616182735_01.jpg,2026-07-17_ad4ca41f/20260616182622_01,1,animal,victor,2026-09-26T08:15:31+00:00,
colorado_ce1402db-20260909T225431Z-1-001_1/colorado_ce1402db/2026-07-17_ad4ca41f/20260616182737_01.jpg,2026-07-17_ad4ca41f/20260616182622_01,1,animal,victor,2026-09-26T08:15:32+00:00,
colorado_ce1402db-20260909T225431Z-1-001_1/colorado_ce1402db/2026-07-17_ad4ca41f/20260616182738_01.jpg,2026-07-17_ad4ca41f/20260616182622_01,1,animal,victor,2026-09-26T08:15:32+00:00,
colorado_ce1402db-20260909T225431Z-1-001_1/colorado_ce1402db/2026-07-17_ad4ca41f/20260616182740_01.jpg,2026-07-17_ad4ca41f/20260616182622_01,1,animal,victor,2026-09-26T08:15:32+00:00,
colorado_ce1402db-20260909T225431Z-1-001_1/colorado_ce1402db/2026-07-17_ad4ca41f/20260616182742_01.jpg,2026-07-17_ad4ca41f/20260616182622_01,1,animal,victor,2026-09-26T08:15:32+00:00,
colorado_ce1402db-20260909T225431Z-1-001_1/colorado_ce1402db/2026-07-17_ad4ca41f/20260616182743_01.jpg,2026-07-17_ad4ca41f/20260616182622_01,1,animal,victor,2026-09-26T08:15:43+00:00,
colorado_ce1402db-20260909T225431Z-1-001_1/colorado_ce1402db/2026-07-17_ad4ca41f/20260616182745_01.jpg,2026-07-17_ad4ca41f/20260616182622_01,1,animal,victor,2026-09-26T08:15:43+00:00,
colorado_ce1402db-20260909T225431Z-1-001_1/colorado_ce1402db/2026-07-17_ad4ca41f/20260616182747_01.jpg,2026-07-17_ad4ca41f/20260616182622_01,1,animal,victor,2026-09-26T08:15:44+00:00,
colorado_ce1402db-20260909T225431Z-1-001_1/colorado_ce1402db/2026-07-17_ad4ca41f/20260616182748_01.jpg,2026-07-17_ad4ca41f/20260616182622_01,1,animal,victor,2026-09-26T08:15:44+00:00,
colorado_ce1402db-20260909T225431Z-1-001_1/colorado_ce1402db/2026-07-17_ad4ca41f/20260616182750_01.jpg,2026-07-17_ad4ca41f/20260616182622_01,1,animal,victor,2026-09-26T08:15:44+00:00,
colorado_ce1402db-20260909T225431Z-1-001_1/colorado_ce1402db/2026-07-17_ad4ca41f/20260616182752_01.jpg,2026-07-17_ad4ca41f/20260616182622_01,1,animal,victor,2026-09-26T08:15:44+00:00,
colorado_ce1402db-20260909T225431Z-1-001_1/colorado_ce1402db/2026-07-17_ad4ca41f/20260616182753_01.jpg,2026-07-17_ad4ca41f/20260616182622_01,1,animal,victor,2026-09-26T08:15:45+00:00,
colorado_ce1402db-20260909T225431Z-1-001_1/colorado_ce1402db/2026-07-17_ad4ca41f/20260616182755_01.jpg,2026-07-17_ad4ca41f/20260616182622_01,1,animal,victor,2026-09-26T08:15:45+00:00,
colorado_ce1402db-20260909T225431Z-1-001_1/colorado_ce1402db/2026-07-17_ad4ca41f/20260616182757_01.jpg,2026-07-17_ad4ca41f/20260616182622_01,1,animal,victor,2026-09-26T08:15:45+00:00,
colorado_ce1402db-20260909T225431Z-1-001_1/colorado_ce1402db/2026-07-17_ad4ca41f/20260616182758_01.jpg,2026-07-17_ad4ca41f/20260616182622_01,1,animal,victor,2026-09-26T08:15:45+00:00,
colorado_ce1402db-20260909T225431Z-1-001_1/colorado_ce1402db/2026-07-17_ad4ca41f/20260616182800_01.jpg,2026-07-17_ad4ca41f/20260616182622_01,1,animal,victor,2026-09-26T08:15:46+00:00,
colorado_ce1402db-20260909T225431Z-1-001_1/colorado_ce1402db/2026-07-17_ad4ca41f/20260616182802_01.jpg,2026-07-17_ad4ca41f/20260616182622_01,1,animal,victor,2026-09-26T08:15:46+00:00,
colorado_ce1402db-20260909T225431Z-1-001_1/colorado_ce1402db/2026-07-17_ad4ca41f/20260616182803_01.jpg,2026-07-17_ad4ca41f/20260616182622_01,1,animal,victor,2026-09-26T08:15:46+00:00,
colorado_ce1402db-20260909T225431Z-1-001_1/colorado_ce1402db/2026-07-17_ad4ca41f/20260616182805_01.jpg,2026-07-17_ad4ca41f/20260616182622_01,1,animal,victor,2026-09-26T08:15:47+00:00,
colorado_ce1402db-20260909T225431Z-1-001_1/colorado_ce1402db/2026-07-17_ad4ca41f/20260616182807_01.jpg,2026-07-17_ad4ca41f/20260616182622_01,1,animal,victor,2026-09-26T08:15:47+00:00,
colorado_ce1402db-20260909T225431Z-1-001_1/colorado_ce1402db/2026-07-17_ad4ca41f/20260616182808_01.jpg,2026-07-17_ad4ca41f/20260616182622_01,1,animal,victor,2026-09-26T08:15:47+00:00,
colorado_ce1402db-20260909T225431Z-1-001_1/colorado_ce1402db/2026-07-17_ad4ca41f/20260616182810_01.jpg,2026-07-17_ad4ca41f/20260616182622_01,1,animal,victor,2026-09-26T08:15:47+00:00,
colorado_ce1402db-20260909T225431Z-1-001_1/colorado_ce1402db/2026-07-17_ad4ca41f/20260616182812_01.jpg,2026-07-17_ad4ca41f/20260616182622_01,1,animal,victor,2026-09-26T08:15:48+00:00,
colorado_ce1402db-20260909T225431Z-1-001_1/colorado_ce1402db/2026-07-17_ad4ca41f/20260616182813_01.jpg,2026-07-17_ad4ca41f/20260616182622_01,1,animal,victor,2026-09-26T08:15:48+00:00,
colorado_ce1402db-20260909T225431Z-1-001_1/colorado_ce1402db/2026-07-17_ad4ca41f/20260616182815_01.jpg,2026-07-17_ad4ca41f/20260616182622_01,1,animal,victor,2026-09-26T08:15:48+00:00,
colorado_ce1402db-20260909T225431Z-1-001_1/colorado_ce1402db/2026-07-17_ad4ca41f/20260616182817_01.jpg,2026-07-17_ad4ca41f/20260616182622_01,1,animal,victor,2026-09-26T08:15:48+00:00,
colorado_ce1402db-20260909T225431Z-1-001_1/colorado_ce1402db/2026-07-17_ad4ca41f/20260616182818_01.jpg,2026-07-17_ad4ca41f/20260616182622_01,1,animal,victor,2026-09-26T08:15:49+00:00,
colorado_ce1402db-20260909T225431Z-1-001_1/colorado_ce1402db/2026-07-17_ad4ca41f/20260616182820_01.jpg,2026-07-17_ad4ca41f/20260616182622_01,1,animal,victor,2026-09-26T08:15:49+00:00,
colorado_ce1402db-20260909T225431Z-1-001_1/colorado_ce1402db/2026-07-17_ad4ca41f/20260616182822_01.jpg,2026-07-17_ad4ca41f/20260616182622_01,1,animal,victor,2026-09-26T08:15:49+00:00,
colorado_ce1402db-20260909T225431Z-1-001_1/colorado_ce1402db/2026-07-17_ad4ca41f/20260616182823_01.jpg,2026-07-17_ad4ca41f/20260616182622_01,1,animal,victor,2026-09-26T08:15:49+00:00,
colorado_ce1402db-20260909T225431Z-1-001_1/colorado_ce1402db/2026-07-17_ad4ca41f/20260616182825_01.jpg,2026-07-17_ad4ca41f/20260616182622_01,1,animal,victor,2026-09-26T08:15:50+00:00,
colorado_ce1402db-20260909T225431Z-1-001_1/colorado_ce1402db/2026-07-17_ad4ca41f/20260616182827_01.jpg,2026-07-17_ad4ca41f/20260616182622_01,1,animal,victor,2026-09-26T08:15:50+00:00,
colorado_ce1402db-20260909T225431Z-1-001_1/colorado_ce1402db/2026-07-17_ad4ca41f/20260616182828_01.jpg,2026-07-17_ad4ca41f/20260616182622_01,1,animal,victor,2026-09-26T08:15:50+00:00,
colorado_ce1402db-20260909T225431Z-1-001_1/colorado_ce1402db/2026-07-17_ad4ca41f/20260616182830_01.jpg,2026-07-17_ad4ca41f/20260616182622_01,1,animal,victor,2026-09-26T08:15:51+00:00,
colorado_ce1402db-20260909T225431Z-1-001_1/colorado_ce1402db/2026-07-17_ad4ca41f/20260616182832_01.jpg,2026-07-17_ad4ca41f/20260616182622_01,0,empty,victor,2026-09-26T08:15:54+00:00,
colorado_ce1402db-20260909T225431Z-1-001_1/colorado_ce1402db/2026-07-17_ad4ca41f/20260616183401_01.jpg,2026-07-17_ad4ca41f/20260616183401_01,1,animal,victor,2026-09-26T08:15:55+00:00,
colorado_ce1402db-20260909T225431Z-1-001_1/colorado_ce1402db/2026-07-17_ad4ca41f/20260616183402_01.jpg,2026-07-17_ad4ca41f/20260616183401_01,1,animal,victor,2026-09-26T08:15:56+00:00,
colorado_ce1402db-20260909T225431Z-1-001_1/colorado_ce1402db/2026-07-17_ad4ca41f/20260616183404_01.jpg,2026-07-17_ad4ca41f/20260616183401_01,1,animal,victor,2026-09-26T08:15:56+00:00,
colorado_ce1402db-20260909T225431Z-1-001_1/colorado_ce1402db/2026-07-17_ad4ca41f/20260616183405_01.jpg,2026-07-17_ad4ca41f/20260616183401_01,1,animal,victor,2026-09-26T08:15:56+00:00,
colorado_ce1402db-20260909T225431Z-1-001_1/colorado_ce1402db/2026-07-17_ad4ca41f/20260616183407_01.jpg,2026-07-17_ad4ca41f/20260616183401_01,1,animal,victor,2026-09-26T08:15:57+00:00,
colorado_ce1402db-20260909T225431Z-1-001_1/colorado_ce1402db/2026-07-17_ad4ca41f/20260616183409_01.jpg,2026-07-17_ad4ca41f/20260616183401_01,1,animal,victor,2026-09-26T08:15:57+00:00,
colorado_ce1402db-20260909T225431Z-1-001_1/colorado_ce1402db/2026-07-17_ad4ca41f/20260616183411_01.jpg,2026-07-17_ad4ca41f/20260616183401_01,1,animal,victor,2026-09-26T08:15:57+00:00,
colorado_ce1402db-20260909T225431Z-1-001_1/colorado_ce1402db/2026-07-17_ad4ca41f/20260616183412_01.jpg,2026-07-17_ad4ca41f/20260616183401_01,1,animal,victor,2026-09-26T08:15:58+00:00,
colorado_ce1402db-20260909T225431Z-1-001_1/colorado_ce1402db/2026-07-17_ad4ca41f/20260616183414_01.jpg,2026-07-17_ad4ca41f/20260616183401_01,1,animal,victor,2026-09-26T08:15:58+00:00,
colorado_ce1402db-20260909T225431Z-1-001_1/colorado_ce1402db/2026-07-17_ad4ca41f/20260616183416_01.jpg,2026-07-17_ad4ca41f/20260616183401_01,1,animal,victor,2026-09-26T08:15:58+00:00,
colorado_ce1402db-20260909T225431Z-1-001_1/colorado_ce1402db/2026-07-17_ad4ca41f/20260616183417_01.jpg,2026-07-17_ad4ca41f/20260616183401_01,1,animal,victor,2026-09-26T08:15:59+00:00,
colorado_ce1402db-20260909T225431Z-1-001_1/colorado_ce1402db/2026-07-17_ad4ca41f/20260616183419_01.jpg,2026-07-17_ad4ca41f/20260616183401_01,1,animal,victor,2026-09-26T08:15:59+00:00,
colorado_ce1402db-20260909T225431Z-1-001_1/colorado_ce1402db/2026-07-17_ad4ca41f/20260616183421_01.jpg,2026-07-17_ad4ca41f/20260616183401_01,1,animal,victor,2026-09-26T08:15:59+00:00,
colorado_ce1402db-20260909T225431Z-1-001_1/colorado_ce1402db/2026-07-17_ad4ca41f/20260616183422_01.jpg,2026-07-17_ad4ca41f/20260616183401_01,1,animal,victor,2026-09-26T08:16:00+00:00,
colorado_ce1402db-20260909T225431Z-1-001_1/colorado_ce1402db/2026-07-17_ad4ca41f/20260616183424_01.jpg,2026-07-17_ad4ca41f/20260616183401_01,1,animal,victor,2026-09-26T08:16:00+00:00,
colorado_ce1402db-20260909T225431Z-1-001_1/colorado_ce1402db/2026-07-17_ad4ca41f/20260616183426_01.jpg,2026-07-17_ad4ca41f/20260616183401_01,1,animal,victor,2026-09-26T08:16:00+00:00,
colorado_ce1402db-20260909T225431Z-1-001_1/colorado_ce1402db/2026-07-17_ad4ca41f/20260616183427_01.jpg,2026-07-17_ad4ca41f/20260616183401_01,1,animal,victor,2026-09-26T08:16:00+00:00,
colorado_ce1402db-20260909T225431Z-1-001_1/colorado_ce1402db/2026-07-17_ad4ca41f/20260616183429_01.jpg,2026-07-17_ad4ca41f/20260616183401_01,1,animal,victor,2026-09-26T08:16:01+00:00,
colorado_ce1402db-20260909T225431Z-1-001_1/colorado_ce1402db/2026-07-17_ad4ca41f/20260616183431_01.jpg,2026-07-17_ad4ca41f/20260616183401_01,1,animal,victor,2026-09-26T08:16:01+00:00,
colorado_ce1402db-20260909T225431Z-1-001_1/colorado_ce1402db/2026-07-17_ad4ca41f/20260616183432_01.jpg,2026-07-17_ad4ca41f/20260616183401_01,1,animal,victor,2026-09-26T08:16:01+00:00,
colorado_ce1402db-20260909T225431Z-1-001_1/colorado_ce1402db/2026-07-17_ad4ca41f/20260616183434_01.jpg,2026-07-17_ad4ca41f/20260616183401_01,1,animal,victor,2026-09-26T08:16:02+00:00,
colorado_ce1402db-20260909T225431Z-1-001_1/colorado_ce1402db/2026-07-17_ad4ca41f/20260616183436_01.jpg,2026-07-17_ad4ca41f/20260616183401_01,1,animal,victor,2026-09-26T08:16:02+00:00,
colorado_ce1402db-20260909T225431Z-1-001_1/colorado_ce1402db/2026-07-17_ad4ca41f/20260616183437_01.jpg,2026-07-17_ad4ca41f/20260616183401_01,1,animal,victor,2026-09-26T08:16:02+00:00,
colorado_ce1402db-20260909T225431Z-1-001_1/colorado_ce1402db/2026-07-17_ad4ca41f/20260616183439_01.jpg,2026-07-17_ad4ca41f/20260616183401_01,1,animal,victor,2026-09-26T08:16:03+00:00,
colorado_ce1402db-20260909T225431Z-1-001_1/colorado_ce1402db/2026-07-17_ad4ca41f/20260616183441_01.jpg,2026-07-17_ad4ca41f/20260616183401_01,1,animal,victor,2026-09-26T08:16:03+00:00,
colorado_ce1402db-20260909T225431Z-1-001_1/colorado_ce1402db/2026-07-17_ad4ca41f/20260616183442_01.jpg,2026-07-17_ad4ca41f/20260616183401_01,1,animal,victor,2026-09-26T08:16:03+00:00,
colorado_ce1402db-20260909T225431Z-1-001_1/colorado_ce1402db/2026-07-17_ad4ca41f/20260616183444_01.jpg,2026-07-17_ad4ca41f/20260616183401_01,1,animal,victor,2026-09-26T08:16:03+00:00,
colorado_ce1402db-20260909T225431Z-1-001_1/colorado_ce1402db/2026-07-17_ad4ca41f/20260616183446_01.jpg,2026-07-17_ad4ca41f/20260616183401_01,1,animal,victor,2026-09-26T08:16:04+00:00,
colorado_ce1402db-20260909T225431Z-1-001_1/colorado_ce1402db/2026-07-17_ad4ca41f/20260616183447_01.jpg,2026-07-17_ad4ca41f/20260616183401_01,1,animal,victor,2026-09-26T08:16:04+00:00,
colorado_ce1402db-20260909T225431Z-1-001_1/colorado_ce1402db/2026-07-17_ad4ca41f/20260616183449_01.jpg,2026-07-17_ad4ca41f/20260616183401_01,1,animal,victor,2026-09-26T08:16:04+00:00,
colorado_ce1402db-20260909T225431Z-1-001_1/colorado_ce1402db/2026-07-17_ad4ca41f/20260616183451_01.jpg,2026-07-17_ad4ca41f/20260616183401_01,1,animal,victor,2026-09-26T08:16:04+00:00,
colorado_ce1402db-20260909T225431Z-1-001_1/colorado_ce1402db/2026-07-17_ad4ca41f/20260616183452_01.jpg,2026-07-17_ad4ca41f/20260616183401_01,1,animal,victor,2026-09-26T08:16:05+00:00,
colorado_ce1402db-20260909T225431Z-1-001_1/colorado_ce1402db/2026-07-17_ad4ca41f/20260616183454_01.jpg,2026-07-17_ad4ca41f/20260616183401_01,1,animal,victor,2026-09-26T08:16:05+00:00,
colorado_ce1402db-20260909T225431Z-1-001_1/colorado_ce1402db/2026-07-17_ad4ca41f/20260616183456_01.jpg,2026-07-17_ad4ca41f/20260616183401_01,1,animal,victor,2026-09-26T08:16:05+00:00,
colorado_ce1402db-20260909T225431Z-1-001_1/colorado_ce1402db/2026-07-17_ad4ca41f/20260616183457_01.jpg,2026-07-17_ad4ca41f/20260616183401_01,1,animal,victor,2026-09-26T08:16:05+00:00,
colorado_ce1402db-20260909T225431Z-1-001_1/colorado_ce1402db/2026-07-17_ad4ca41f/20260616183459_01.jpg,2026-07-17_ad4ca41f/20260616183401_01,1,animal,victor,2026-09-26T08:16:06+00:00,
colorado_ce1402db-20260909T225431Z-1-001_1/colorado_ce1402db/2026-07-17_ad4ca41f/20260616183501_01.jpg,2026-07-17_ad4ca41f/20260616183401_01,1,animal,victor,2026-09-26T08:16:06+00:00,
colorado_ce1402db-20260909T225431Z-1-001_1/colorado_ce1402db/2026-07-17_ad4ca41f/20260616183502_01.jpg,2026-07-17_ad4ca41f/20260616183401_01,0,empty,victor,2026-09-26T08:16:08+00:00,
colorado_ce1402db-20260909T225431Z-1-001_1/colorado_ce1402db/2026-07-17_ad4ca41f/20260616183504_01.jpg,2026-07-17_ad4ca41f/20260616183401_01,1,animal,victor,2026-09-26T08:16:10+00:00,
colorado_ce1402db-20260909T225431Z-1-001_1/colorado_ce1402db/2026-07-17_ad4ca41f/20260616183506_01.jpg,2026-07-17_ad4ca41f/20260616183401_01,1,animal,victor,2026-09-26T08:16:20+00:00,
colorado_ce1402db-20260909T225431Z-1-001_1/colorado_ce1402db/2026-07-17_ad4ca41f/20260616183507_01.jpg,2026-07-17_ad4ca41f/20260616183401_01,1,animal,victor,2026-09-26T08:16:21+00:00,
colorado_ce1402db-20260909T225431Z-1-001_1/colorado_ce1402db/2026-07-17_ad4ca41f/20260616183509_01.jpg,2026-07-17_ad4ca41f/20260616183401_01,1,animal,victor,2026-09-26T08:16:21+00:00,
colorado_ce1402db-20260909T225431Z-1-001_1/colorado_ce1402db/2026-07-17_ad4ca41f/20260616183511_01.jpg,2026-07-17_ad4ca41f/20260616183401_01,1,animal,victor,2026-09-26T08:16:21+00:00,
colorado_ce1402db-20260909T225431Z-1-001_1/colorado_ce1402db/2026-07-17_ad4ca41f/20260616183512_01.jpg,2026-07-17_ad4ca41f/20260616183401_01,1,animal,victor,2026-09-26T08:16:22+00:00,
colorado_ce1402db-20260909T225431Z-1-001_1/colorado_ce1402db/2026-07-17_ad4ca41f/20260616183514_01.jpg,2026-07-17_ad4ca41f/20260616183401_01,1,animal,victor,2026-09-26T08:16:22+00:00,
colorado_ce1402db-20260909T225431Z-1-001_1/colorado_ce1402db/2026-07-17_ad4ca41f/20260616183516_01.jpg,2026-07-17_ad4ca41f/20260616183401_01,0,empty,victor,2026-09-26T08:16:23+00:00,
colorado_ce1402db-20260909T225431Z-1-001_1/colorado_ce1402db/2026-07-17_ad4ca41f/20260616183517_01.jpg,2026-07-17_ad4ca41f/20260616183401_01,0,empty,victor,2026-09-26T08:16:25+00:00,
colorado_ce1402db-20260909T225431Z-1-001_1/colorado_ce1402db/2026-07-17_ad4ca41f/20260616183519_01.jpg,2026-07-17_ad4ca41f/20260616183401_01,1,animal,victor,2026-09-26T08:16:26+00:00,
colorado_ce1402db-20260909T225431Z-1-001_1/colorado_ce1402db/2026-07-17_ad4ca41f/20260616183521_01.jpg,2026-07-17_ad4ca41f/20260616183401_01,1,animal,victor,2026-09-26T08:16:27+00:00,
colorado_ce1402db-20260909T225431Z-1-001_1/colorado_ce1402db/2026-07-17_ad4ca41f/20260616183522_01.jpg,2026-07-17_ad4ca41f/20260616183401_01,1,animal,victor,2026-09-26T08:16:27+00:00,
colorado_ce1402db-20260909T225431Z-1-001_1/colorado_ce1402db/2026-07-17_ad4ca41f/20260616183524_01.jpg,2026-07-17_ad4ca41f/20260616183401_01,1,animal,victor,2026-09-26T08:16:28+00:00,
colorado_ce1402db-20260909T225431Z-1-001_1/colorado_ce1402db/2026-07-17_ad4ca41f/20260616183526_01.jpg,2026-07-17_ad4ca41f/20260616183401_01,1,animal,victor,2026-09-26T08:16:28+00:00,
colorado_ce1402db-20260909T225431Z-1-001_1/colorado_ce1402db/2026-07-17_ad4ca41f/20260616183527_01.jpg,2026-07-17_ad4ca41f/20260616183401_01,1,animal,victor,2026-09-26T08:16:29+00:00,
colorado_ce1402db-20260909T225431Z-1-001_1/colorado_ce1402db/2026-07-17_ad4ca41f/20260616183529_01.jpg,2026-07-17_ad4ca41f/20260616183401_01,1,animal,victor,2026-09-26T08:16:29+00:00,
colorado_ce1402db-20260909T225431Z-1-001_1/colorado_ce1402db/2026-07-17_ad4ca41f/20260616183531_01.jpg,2026-07-17_ad4ca41f/20260616183401_01,1,animal,victor,2026-09-26T08:16:30+00:00,
colorado_ce1402db-20260909T225431Z-1-001_1/colorado_ce1402db/2026-07-17_ad4ca41f/20260616183532_01.jpg,2026-07-17_ad4ca41f/20260616183401_01,1,animal,victor,2026-09-26T08:16:30+00:00,
colorado_ce1402db-20260909T225431Z-1-001_1/colorado_ce1402db/2026-07-17_ad4ca41f/20260616183534_01.jpg,2026-07-17_ad4ca41f/20260616183401_01,1,animal,victor,2026-09-26T08:16:30+00:00,
colorado_ce1402db-20260909T225431Z-1-001_1/colorado_ce1402db/2026-07-17_ad4ca41f/20260616183536_01.jpg,2026-07-17_ad4ca41f/20260616183401_01,1,animal,victor,2026-09-26T08:16:31+00:00,
colorado_ce1402db-20260909T225431Z-1-001_1/colorado_ce1402db/2026-07-17_ad4ca41f/20260616183537_01.jpg,2026-07-17_ad4ca41f/20260616183401_01,1,animal,victor,2026-09-26T08:16:31+00:00,
colorado_ce1402db-20260909T225431Z-1-001_1/colorado_ce1402db/2026-07-17_ad4ca41f/20260616183539_01.jpg,2026-07-17_ad4ca41f/20260616183401_01,1,animal,victor,2026-09-26T08:16:31+00:00,
colorado_ce1402db-20260909T225431Z-1-001_1/colorado_ce1402db/2026-07-17_ad4ca41f/20260616183541_01.jpg,2026-07-17_ad4ca41f/20260616183401_01,1,animal,victor,2026-09-26T08:16:32+00:00,
colorado_ce1402db-20260909T225431Z-1-001_1/colorado_ce1402db/2026-07-17_ad4ca41f/20260616183542_01.jpg,2026-07-17_ad4ca41f/20260616183401_01,1,animal,victor,2026-09-26T08:16:32+00:00,
colorado_ce1402db-20260909T225431Z-1-001_1/colorado_ce1402db/2026-07-17_ad4ca41f/20260616183544_01.jpg,2026-07-17_ad4ca41f/20260616183401_01,1,animal,victor,2026-09-26T08:16:32+00:00,
colorado_ce1402db-20260909T225431Z-1-001_1/colorado_ce1402db/2026-07-17_ad4ca41f/20260616183546_01.jpg,2026-07-17_ad4ca41f/20260616183401_01,1,animal,victor,2026-09-26T08:16:33+00:00,
colorado_ce1402db-20260909T225431Z-1-001_1/colorado_ce1402db/2026-07-17_ad4ca41f/20260616183547_01.jpg,2026-07-17_ad4ca41f/20260616183401_01,1,animal,victor,2026-09-26T08:16:33+00:00,
colorado_ce1402db-20260909T225431Z-1-001_1/colorado_ce1402db/2026-07-17_ad4ca41f/20260616183549_01.jpg,2026-07-17_ad4ca41f/20260616183401_01,1,animal,victor,2026-09-26T08:16:34+00:00,
colorado_ce1402db-20260909T225431Z-1-001_1/colorado_ce1402db/2026-07-17_ad4ca41f/20260616183551_01.jpg,2026-07-17_ad4ca41f/20260616183401_01,1,animal,victor,2026-09-26T08:16:34+00:00,
colorado_ce1402db-20260909T225431Z-1-001_1/colorado_ce1402db/2026-07-17_ad4ca41f/20260616183552_01.jpg,2026-07-17_ad4ca41f/20260616183401_01,1,animal,victor,2026-09-26T08:16:35+00:00,
colorado_ce1402db-20260909T225431Z-1-001_1/colorado_ce1402db/2026-07-17_ad4ca41f/20260616183554_01.jpg,2026-07-17_ad4ca41f/20260616183401_01,1,animal,victor,2026-09-26T08:16:35+00:00,
colorado_ce1402db-20260909T225431Z-1-001_1/colorado_ce1402db/2026-07-17_ad4ca41f/20260616183556_01.jpg,2026-07-17_ad4ca41f/20260616183401_01,1,animal,victor,2026-09-26T08:16:35+00:00,
colorado_ce1402db-20260909T225431Z-1-001_1/colorado_ce1402db/2026-07-17_ad4ca41f/20260616183557_01.jpg,2026-07-17_ad4ca41f/20260616183401_01,0,empty,victor,2026-09-26T08:16:37+00:00,
colorado_ce1402db-20260909T225431Z-1-001_1/colorado_ce1402db/2026-07-17_ad4ca41f/20260616183559_01.jpg,2026-07-17_ad4ca41f/20260616183401_01,1,animal,victor,2026-09-26T08:16:37+00:00,
colorado_ce1402db-20260909T225431Z-1-001_1/colorado_ce1402db/2026-07-17_ad4ca41f/20260616183601_01.jpg,2026-07-17_ad4ca41f/20260616183401_01,1,animal,victor,2026-09-26T08:16:38+00:00,
colorado_ce1402db-20260909T225431Z-1-001_1/colorado_ce1402db/2026-07-17_ad4ca41f/20260616183602_01.jpg,2026-07-17_ad4ca41f/20260616183401_01,1,animal,victor,2026-09-26T08:16:38+00:00,
colorado_ce1402db-20260909T225431Z-1-001_1/colorado_ce1402db/2026-07-17_ad4ca41f/20260616183604_01.jpg,2026-07-17_ad4ca41f/20260616183401_01,1,animal,victor,2026-09-26T08:16:39+00:00,
colorado_ce1402db-20260909T225431Z-1-001_1/colorado_ce1402db/2026-07-17_ad4ca41f/20260616183606_01.jpg,2026-07-17_ad4ca41f/20260616183401_01,1,animal,victor,2026-09-26T08:16:39+00:00,
colorado_ce1402db-20260909T225431Z-1-001_1/colorado_ce1402db/2026-07-17_ad4ca41f/20260616183607_01.jpg,2026-07-17_ad4ca41f/20260616183401_01,1,animal,victor,2026-09-26T08:16:39+00:00,
colorado_ce1402db-20260909T225431Z-1-001_1/colorado_ce1402db/2026-07-17_ad4ca41f/20260616183609_01.jpg,2026-07-17_ad4ca41f/20260616183401_01,1,animal,victor,2026-09-26T08:16:40+00:00,
colorado_ce1402db-20260909T225431Z-1-001_1/colorado_ce1402db/2026-07-17_ad4ca41f/20260616184146_01.jpg,2026-07-17_ad4ca41f/20260616184146_01,1,animal,victor,2026-09-26T08:16:41+00:00,
colorado_ce1402db-20260909T225431Z-1-001_1/colorado_ce1402db/2026-07-17_ad4ca41f/20260616184147_01.jpg,2026-07-17_ad4ca41f/20260616184146_01,1,animal,victor,2026-09-26T08:16:41+00:00,
colorado_ce1402db-20260909T225431Z-1-001_1/colorado_ce1402db/2026-07-17_ad4ca41f/20260616184149_01.jpg,2026-07-17_ad4ca41f/20260616184146_01,1,animal,victor,2026-09-26T08:16:42+00:00,
colorado_ce1402db-20260909T225431Z-1-001_1/colorado_ce1402db/2026-07-17_ad4ca41f/20260616184150_01.jpg,2026-07-17_ad4ca41f/20260616184146_01,1,animal,victor,2026-09-26T08:16:42+00:00,
colorado_ce1402db-20260909T225431Z-1-001_1/colorado_ce1402db/2026-07-17_ad4ca41f/20260616184152_01.jpg,2026-07-17_ad4ca41f/20260616184146_01,1,animal,victor,2026-09-26T08:16:43+00:00,
colorado_ce1402db-20260909T225431Z-1-001_1/colorado_ce1402db/2026-07-17_ad4ca41f/20260616184154_01.jpg,2026-07-17_ad4ca41f/20260616184146_01,1,animal,victor,2026-09-26T08:16:44+00:00,
colorado_ce1402db-20260909T225431Z-1-001_1/colorado_ce1402db/2026-07-17_ad4ca41f/20260616184155_01.jpg,2026-07-17_ad4ca41f/20260616184146_01,1,animal,victor,2026-09-26T08:16:44+00:00,
colorado_ce1402db-20260909T225431Z-1-001_1/colorado_ce1402db/2026-07-17_ad4ca41f/20260616184157_01.jpg,2026-07-17_ad4ca41f/20260616184146_01,1,animal,victor,2026-09-26T08:16:45+00:00,
colorado_ce1402db-20260909T225431Z-1-001_1/colorado_ce1402db/2026-07-17_ad4ca41f/20260616184159_01.jpg,2026-07-17_ad4ca41f/20260616184146_01,1,animal,victor,2026-09-26T08:16:45+00:00,
colorado_ce1402db-20260909T225431Z-1-001_1/colorado_ce1402db/2026-07-17_ad4ca41f/20260616184200_01.jpg,2026-07-17_ad4ca41f/20260616184146_01,1,animal,victor,2026-09-26T08:16:45+00:00,
colorado_ce1402db-20260909T225431Z-1-001_1/colorado_ce1402db/2026-07-17_ad4ca41f/20260616184202_01.jpg,2026-07-17_ad4ca41f/20260616184146_01,1,animal,victor,2026-09-26T08:16:46+00:00,
colorado_ce1402db-20260909T225431Z-1-001_1/colorado_ce1402db/2026-07-17_ad4ca41f/20260616184204_01.jpg,2026-07-17_ad4ca41f/20260616184146_01,1,animal,victor,2026-09-26T08:16:46+00:00,
colorado_ce1402db-20260909T225431Z-1-001_1/colorado_ce1402db/2026-07-17_ad4ca41f/20260616184205_01.jpg,2026-07-17_ad4ca41f/20260616184146_01,1,animal,victor,2026-09-26T08:16:47+00:00,
colorado_ce1402db-20260909T225431Z-1-001_1/colorado_ce1402db/2026-07-17_ad4ca41f/20260616190010_01.jpg,2026-07-17_ad4ca41f/20260616190010_01,1,animal,victor,2026-09-26T08:16:47+00:00,
colorado_ce1402db-20260909T225431Z-1-001_1/colorado_ce1402db/2026-07-17_ad4ca41f/20260616190015_01.jpg,2026-07-17_ad4ca41f/20260616190010_01,1,animal,victor,2026-09-26T08:16:48+00:00,
colorado_ce1402db-20260909T225431Z-1-001_1/colorado_ce1402db/2026-07-17_ad4ca41f/20260616190017_01.jpg,2026-07-17_ad4ca41f/20260616190010_01,1,animal,victor,2026-09-26T08:16:48+00:00,
colorado_ce1402db-20260909T225431Z-1-001_1/colorado_ce1402db/2026-07-17_ad4ca41f/20260616190022_01.jpg,2026-07-17_ad4ca41f/20260616190010_01,1,animal,victor,2026-09-26T08:16:49+00:00,
colorado_ce1402db-20260909T225431Z-1-001_1/colorado_ce1402db/2026-07-17_ad4ca41f/20260616190031_01.jpg,2026-07-17_ad4ca41f/20260616190010_01,1,animal,victor,2026-09-26T08:16:51+00:00,
colorado_ce1402db-20260909T225431Z-1-001_1/colorado_ce1402db/2026-07-17_ad4ca41f/20260616190032_01.jpg,2026-07-17_ad4ca41f/20260616190010_01,1,animal,victor,2026-09-26T08:16:51+00:00,
colorado_ce1402db-20260909T225431Z-1-001_1/colorado_ce1402db/2026-07-17_ad4ca41f/20260616190039_01.jpg,2026-07-17_ad4ca41f/20260616190010_01,1,animal,victor,2026-09-29T06:22:47+00:00,animal top right on review; relabelled 2026-09-30
colorado_ce1402db-20260909T225431Z-1-001_1/colorado_ce1402db/2026-07-17_ad4ca41f/20260616190042_01.jpg,2026-07-17_ad4ca41f/20260616190010_01,0,empty,victor,2026-09-26T08:16:54+00:00,
colorado_ce1402db-20260909T225431Z-1-001_1/colorado_ce1402db/2026-07-17_ad4ca41f/20260616190047_01.jpg,2026-07-17_ad4ca41f/20260616190010_01,1,animal,victor,2026-09-26T08:16:55+00:00,
colorado_ce1402db-20260909T225431Z-1-001_1/colorado_ce1402db/2026-07-17_ad4ca41f/20260616190555_01.jpg,2026-07-17_ad4ca41f/20260616190555_01,1,animal,victor,2026-09-26T08:16:56+00:00,
colorado_ce1402db-20260909T225431Z-1-001_1/colorado_ce1402db/2026-07-17_ad4ca41f/20260616190557_01.jpg,2026-07-17_ad4ca41f/20260616190555_01,1,animal,victor,2026-09-26T08:16:57+00:00,
colorado_ce1402db-20260909T225431Z-1-001_1/colorado_ce1402db/2026-07-17_ad4ca41f/20260616190600_01.jpg,2026-07-17_ad4ca41f/20260616190555_01,1,animal,victor,2026-09-26T08:16:57+00:00,
colorado_ce1402db-20260909T225431Z-1-001_1/colorado_ce1402db/2026-07-17_ad4ca41f/20260616190603_01.jpg,2026-07-17_ad4ca41f/20260616190555_01,1,animal,victor,2026-09-26T08:16:58+00:00,
colorado_ce1402db-20260909T225431Z-1-001_1/colorado_ce1402db/2026-07-17_ad4ca41f/20260616190605_01.jpg,2026-07-17_ad4ca41f/20260616190555_01,1,animal,victor,2026-09-26T08:16:58+00:00,
colorado_ce1402db-20260909T225431Z-1-001_1/colorado_ce1402db/2026-07-17_ad4ca41f/20260616190610_01.jpg,2026-07-17_ad4ca41f/20260616190555_01,1,animal,victor,2026-09-26T08:16:59+00:00,
colorado_ce1402db-20260909T225431Z-1-001_1/colorado_ce1402db/2026-07-17_ad4ca41f/20260616190612_01.jpg,2026-07-17_ad4ca41f/20260616190555_01,1,animal,victor,2026-09-26T08:16:59+00:00,
colorado_ce1402db-20260909T225431Z-1-001_1/colorado_ce1402db/2026-07-17_ad4ca41f/20260616190613_01.jpg,2026-07-17_ad4ca41f/20260616190555_01,1,animal,victor,2026-09-26T08:17:00+00:00,
colorado_ce1402db-20260909T225431Z-1-001_1/colorado_ce1402db/2026-07-17_ad4ca41f/20260616190617_01.jpg,2026-07-17_ad4ca41f/20260616190555_01,1,animal,victor,2026-09-26T08:17:00+00:00,
colorado_ce1402db-20260909T225431Z-1-001_1/colorado_ce1402db/2026-07-17_ad4ca41f/20260616190620_01.jpg,2026-07-17_ad4ca41f/20260616190555_01,1,animal,victor,2026-09-26T08:17:00+00:00,
colorado_ce1402db-20260909T225431Z-1-001_1/colorado_ce1402db/2026-07-17_ad4ca41f/20260616190627_01.jpg,2026-07-17_ad4ca41f/20260616190555_01,1,animal,victor,2026-09-26T08:17:01+00:00,
colorado_ce1402db-20260909T225431Z-1-001_1/colorado_ce1402db/2026-07-17_ad4ca41f/20260616190628_01.jpg,2026-07-17_ad4ca41f/20260616190555_01,1,animal,victor,2026-09-26T08:17:01+00:00,
colorado_ce1402db-20260909T225431Z-1-001_1/colorado_ce1402db/2026-07-17_ad4ca41f/20260616190632_01.jpg,2026-07-17_ad4ca41f/20260616190555_01,1,animal,victor,2026-09-26T08:17:02+00:00,
colorado_ce1402db-20260909T225431Z-1-001_1/colorado_ce1402db/2026-07-17_ad4ca41f/20260616190633_01.jpg,2026-07-17_ad4ca41f/20260616190555_01,1,animal,victor,2026-09-26T08:17:02+00:00,
colorado_ce1402db-20260909T225431Z-1-001_1/colorado_ce1402db/2026-07-17_ad4ca41f/20260616190635_01.jpg,2026-07-17_ad4ca41f/20260616190555_01,1,animal,victor,2026-09-26T08:17:02+00:00,
colorado_ce1402db-20260909T225431Z-1-001_1/colorado_ce1402db/2026-07-17_ad4ca41f/20260616190637_01.jpg,2026-07-17_ad4ca41f/20260616190555_01,1,animal,victor,2026-09-26T08:17:03+00:00,
colorado_ce1402db-20260909T225431Z-1-001_1/colorado_ce1402db/2026-07-17_ad4ca41f/20260616190638_01.jpg,2026-07-17_ad4ca41f/20260616190555_01,1,animal,victor,2026-09-26T08:17:03+00:00,
colorado_ce1402db-20260909T225431Z-1-001_1/colorado_ce1402db/2026-07-17_ad4ca41f/20260616190642_01.jpg,2026-07-17_ad4ca41f/20260616190555_01,0,empty,victor,2026-09-26T08:17:04+00:00,
colorado_ce1402db-20260909T225431Z-1-001_1/colorado_ce1402db/2026-07-17_ad4ca41f/20260616190643_01.jpg,2026-07-17_ad4ca41f/20260616190555_01,0,empty,victor,2026-09-26T08:17:05+00:00,
colorado_ce1402db-20260909T225431Z-1-001_1/colorado_ce1402db/2026-07-17_ad4ca41f/20260616190645_01.jpg,2026-07-17_ad4ca41f/20260616190555_01,0,empty,victor,2026-09-26T08:17:06+00:00,
colorado_ce1402db-20260909T225431Z-1-001_1/colorado_ce1402db/2026-07-17_ad4ca41f/20260616190648_01.jpg,2026-07-17_ad4ca41f/20260616190555_01,1,animal,victor,2026-09-26T08:17:07+00:00,
colorado_ce1402db-20260909T225431Z-1-001_1/colorado_ce1402db/2026-07-17_ad4ca41f/20260616190652_01.jpg,2026-07-17_ad4ca41f/20260616190555_01,1,animal,victor,2026-09-26T08:17:08+00:00,
colorado_ce1402db-20260909T225431Z-1-001_1/colorado_ce1402db/2026-07-17_ad4ca41f/20260616190653_01.jpg,2026-07-17_ad4ca41f/20260616190555_01,1,animal,victor,2026-09-26T08:17:08+00:00,
colorado_ce1402db-20260909T225431Z-1-001_1/colorado_ce1402db/2026-07-17_ad4ca41f/20260616190658_01.jpg,2026-07-17_ad4ca41f/20260616190555_01,1,animal,victor,2026-09-26T08:17:08+00:00,
colorado_ce1402db-20260909T225431Z-1-001_1/colorado_ce1402db/2026-07-17_ad4ca41f/20260616190700_01.jpg,2026-07-17_ad4ca41f/20260616190555_01,1,animal,victor,2026-09-26T08:17:09+00:00,
colorado_ce1402db-20260909T225431Z-1-001_1/colorado_ce1402db/2026-07-17_ad4ca41f/20260616190705_01.jpg,2026-07-17_ad4ca41f/20260616190555_01,1,animal,victor,2026-09-26T08:17:09+00:00,
colorado_ce1402db-20260909T225431Z-1-001_1/colorado_ce1402db/2026-07-17_ad4ca41f/20260616190707_01.jpg,2026-07-17_ad4ca41f/20260616190555_01,1,animal,victor,2026-09-26T08:17:10+00:00,
colorado_ce1402db-20260909T225431Z-1-001_1/colorado_ce1402db/2026-07-17_ad4ca41f/20260616190708_01.jpg,2026-07-17_ad4ca41f/20260616190555_01,1,animal,victor,2026-09-26T08:17:10+00:00,
colorado_ce1402db-20260909T225431Z-1-001_1/colorado_ce1402db/2026-07-17_ad4ca41f/20260616190710_01.jpg,2026-07-17_ad4ca41f/20260616190555_01,1,animal,victor,2026-09-26T08:17:11+00:00,
colorado_ce1402db-20260909T225431Z-1-001_1/colorado_ce1402db/2026-07-17_ad4ca41f/20260616190714_01.jpg,2026-07-17_ad4ca41f/20260616190555_01,1,animal,victor,2026-09-26T08:17:11+00:00,
colorado_ce1402db-20260909T225431Z-1-001_1/colorado_ce1402db/2026-07-17_ad4ca41f/20260616190715_01.jpg,2026-07-17_ad4ca41f/20260616190555_01,1,animal,victor,2026-09-26T08:17:12+00:00,
colorado_ce1402db-20260909T225431Z-1-001_1/colorado_ce1402db/2026-07-17_ad4ca41f/20260616190717_01.jpg,2026-07-17_ad4ca41f/20260616190555_01,1,animal,victor,2026-09-26T08:17:12+00:00,
colorado_ce1402db-20260909T225431Z-1-001_1/colorado_ce1402db/2026-07-17_ad4ca41f/20260616190720_01.jpg,2026-07-17_ad4ca41f/20260616190555_01,1,animal,victor,2026-09-26T08:17:13+00:00,
colorado_ce1402db-20260909T225431Z-1-001_1/colorado_ce1402db/2026-07-17_ad4ca41f/20260616190724_01.jpg,2026-07-17_ad4ca41f/20260616190555_01,1,animal,victor,2026-09-26T08:17:13+00:00,
colorado_ce1402db-20260909T225431Z-1-001_1/colorado_ce1402db/2026-07-17_ad4ca41f/20260616190725_01.jpg,2026-07-17_ad4ca41f/20260616190555_01,1,animal,victor,2026-09-26T08:17:13+00:00,
colorado_ce1402db-20260909T225431Z-1-001_1/colorado_ce1402db/2026-07-17_ad4ca41f/20260616190730_01.jpg,2026-07-17_ad4ca41f/20260616190555_01,1,animal,victor,2026-09-26T08:17:14+00:00,
colorado_ce1402db-20260909T225431Z-1-001_1/colorado_ce1402db/2026-07-17_ad4ca41f/20260616190732_01.jpg,2026-07-17_ad4ca41f/20260616190555_01,1,animal,victor,2026-09-26T08:17:14+00:00,
colorado_ce1402db-20260909T225431Z-1-001_1/colorado_ce1402db/2026-07-17_ad4ca41f/20260616190739_01.jpg,2026-07-17_ad4ca41f/20260616190555_01,1,animal,victor,2026-09-26T08:17:15+00:00,
colorado_ce1402db-20260909T225431Z-1-001_1/colorado_ce1402db/2026-07-17_ad4ca41f/20260616190740_01.jpg,2026-07-17_ad4ca41f/20260616190555_01,1,animal,victor,2026-09-26T08:17:15+00:00,
colorado_ce1402db-20260909T225431Z-1-001_1/colorado_ce1402db/2026-07-17_ad4ca41f/20260616190742_01.jpg,2026-07-17_ad4ca41f/20260616190555_01,1,animal,victor,2026-09-26T08:17:31+00:00,
colorado_ce1402db-20260909T225431Z-1-001_1/colorado_ce1402db/2026-07-17_ad4ca41f/20260616190747_01.jpg,2026-07-17_ad4ca41f/20260616190555_01,1,animal,victor,2026-09-26T08:17:32+00:00,
colorado_ce1402db-20260909T225431Z-1-001_1/colorado_ce1402db/2026-07-17_ad4ca41f/20260616190749_01.jpg,2026-07-17_ad4ca41f/20260616190555_01,1,animal,victor,2026-09-26T08:17:32+00:00,
colorado_ce1402db-20260909T225431Z-1-001_1/colorado_ce1402db/2026-07-17_ad4ca41f/20260616190752_01.jpg,2026-07-17_ad4ca41f/20260616190555_01,1,animal,victor,2026-09-26T08:17:32+00:00,
colorado_ce1402db-20260909T225431Z-1-001_1/colorado_ce1402db/2026-07-17_ad4ca41f/20260616190755_01.jpg,2026-07-17_ad4ca41f/20260616190555_01,1,animal,victor,2026-09-26T08:17:32+00:00,
colorado_ce1402db-20260909T225431Z-1-001_1/colorado_ce1402db/2026-07-17_ad4ca41f/20260616190757_01.jpg,2026-07-17_ad4ca41f/20260616190555_01,1,animal,victor,2026-09-26T08:17:33+00:00,
colorado_ce1402db-20260909T225431Z-1-001_1/colorado_ce1402db/2026-07-17_ad4ca41f/20260616192859_01.jpg,2026-07-17_ad4ca41f/20260616192859_01,1,animal,victor,2026-09-26T08:17:34+00:00,
colorado_ce1402db-20260909T225431Z-1-001_1/colorado_ce1402db/2026-07-17_ad4ca41f/20260616192901_01.jpg,2026-07-17_ad4ca41f/20260616192859_01,1,animal,victor,2026-09-26T08:17:34+00:00,
colorado_ce1402db-20260909T225431Z-1-001_1/colorado_ce1402db/2026-07-17_ad4ca41f/20260616192902_01.jpg,2026-07-17_ad4ca41f/20260616192859_01,1,animal,victor,2026-09-26T08:17:35+00:00,
colorado_ce1402db-20260909T225431Z-1-001_1/colorado_ce1402db/2026-07-17_ad4ca41f/20260616192904_01.jpg,2026-07-17_ad4ca41f/20260616192859_01,1,animal,victor,2026-09-26T08:17:35+00:00,
colorado_ce1402db-20260909T225431Z-1-001_1/colorado_ce1402db/2026-07-17_ad4ca41f/20260616192906_01.jpg,2026-07-17_ad4ca41f/20260616192859_01,1,animal,victor,2026-09-26T08:17:35+00:00,
colorado_ce1402db-20260909T225431Z-1-001_1/colorado_ce1402db/2026-07-17_ad4ca41f/20260616192907_01.jpg,2026-07-17_ad4ca41f/20260616192859_01,1,animal,victor,2026-09-26T08:17:36+00:00,
colorado_ce1402db-20260909T225431Z-1-001_1/colorado_ce1402db/2026-07-17_ad4ca41f/20260616192909_01.jpg,2026-07-17_ad4ca41f/20260616192859_01,1,animal,victor,2026-09-26T08:21:46+00:00,
colorado_ce1402db-20260909T225431Z-1-001_1/colorado_ce1402db/2026-07-17_ad4ca41f/20260616192911_01.jpg,2026-07-17_ad4ca41f/20260616192859_01,1,animal,victor,2026-09-26T08:21:46+00:00,
colorado_ce1402db-20260909T225431Z-1-001_1/colorado_ce1402db/2026-07-17_ad4ca41f/20260616192912_01.jpg,2026-07-17_ad4ca41f/20260616192859_01,1,animal,victor,2026-09-26T08:21:47+00:00,
colorado_ce1402db-20260909T225431Z-1-001_1/colorado_ce1402db/2026-07-17_ad4ca41f/20260616192914_01.jpg,2026-07-17_ad4ca41f/20260616192859_01,1,animal,victor,2026-09-26T08:21:47+00:00,
colorado_ce1402db-20260909T225431Z-1-001_1/colorado_ce1402db/2026-07-17_ad4ca41f/20260616192916_01.jpg,2026-07-17_ad4ca41f/20260616192859_01,1,animal,victor,2026-09-26T08:21:48+00:00,
colorado_ce1402db-20260909T225431Z-1-001_1/colorado_ce1402db/2026-07-17_ad4ca41f/20260616192917_01.jpg,2026-07-17_ad4ca41f/20260616192859_01,1,animal,victor,2026-09-26T08:21:48+00:00,
colorado_ce1402db-20260909T225431Z-1-001_1/colorado_ce1402db/2026-07-17_ad4ca41f/20260616192919_01.jpg,2026-07-17_ad4ca41f/20260616192859_01,1,animal,victor,2026-09-26T08:21:49+00:00,
colorado_ce1402db-20260909T225431Z-1-001_1/colorado_ce1402db/2026-07-17_ad4ca41f/20260616192921_01.jpg,2026-07-17_ad4ca41f/20260616192859_01,1,animal,victor,2026-09-26T08:21:49+00:00,
colorado_ce1402db-20260909T225431Z-1-001_1/colorado_ce1402db/2026-07-17_ad4ca41f/20260616192922_01.jpg,2026-07-17_ad4ca41f/20260616192859_01,1,animal,victor,2026-09-26T08:21:49+00:00,
colorado_ce1402db-20260909T225431Z-1-001_1/colorado_ce1402db/2026-07-17_ad4ca41f/20260616192924_01.jpg,2026-07-17_ad4ca41f/20260616192859_01,1,animal,victor,2026-09-26T08:21:50+00:00,
colorado_ce1402db-20260909T225431Z-1-001_1/colorado_ce1402db/2026-07-17_ad4ca41f/20260616192926_01.jpg,2026-07-17_ad4ca41f/20260616192859_01,1,animal,victor,2026-09-26T08:21:50+00:00,
colorado_ce1402db-20260909T225431Z-1-001_1/colorado_ce1402db/2026-07-17_ad4ca41f/20260616192927_01.jpg,2026-07-17_ad4ca41f/20260616192859_01,1,animal,victor,2026-09-26T08:21:51+00:00,
colorado_ce1402db-20260909T225431Z-1-001_1/colorado_ce1402db/2026-07-17_ad4ca41f/20260616192929_01.jpg,2026-07-17_ad4ca41f/20260616192859_01,1,animal,victor,2026-09-26T08:21:51+00:00,
colorado_ce1402db-20260909T225431Z-1-001_1/colorado_ce1402db/2026-07-17_ad4ca41f/20260616192931_01.jpg,2026-07-17_ad4ca41f/20260616192859_01,1,animal,victor,2026-09-26T08:21:52+00:00,
colorado_ce1402db-20260909T225431Z-1-001_1/colorado_ce1402db/2026-07-17_ad4ca41f/20260616192932_01.jpg,2026-07-17_ad4ca41f/20260616192859_01,1,animal,victor,2026-09-26T08:21:52+00:00,
colorado_ce1402db-20260909T225431Z-1-001_1/colorado_ce1402db/2026-07-17_ad4ca41f/20260616193436_01.jpg,2026-07-17_ad4ca41f/20260616193436_01,1,animal,victor,2026-09-26T08:21:52+00:00,
colorado_ce1402db-20260909T225431Z-1-001_1/colorado_ce1402db/2026-07-17_ad4ca41f/20260616193437_01.jpg,2026-07-17_ad4ca41f/20260616193436_01,1,animal,victor,2026-09-26T08:21:53+00:00,
colorado_ce1402db-20260909T225431Z-1-001_1/colorado_ce1402db/2026-07-17_ad4ca41f/20260616193439_01.jpg,2026-07-17_ad4ca41f/20260616193436_01,1,animal,victor,2026-09-26T08:21:53+00:00,
colorado_ce1402db-20260909T225431Z-1-001_1/colorado_ce1402db/2026-07-17_ad4ca41f/20260616193440_01.jpg,2026-07-17_ad4ca41f/20260616193436_01,1,animal,victor,2026-09-26T08:21:53+00:00,
colorado_ce1402db-20260909T225431Z-1-001_1/colorado_ce1402db/2026-07-17_ad4ca41f/20260616193442_01.jpg,2026-07-17_ad4ca41f/20260616193436_01,0,empty,victor,2026-09-26T08:21:55+00:00,
colorado_ce1402db-20260909T225431Z-1-001_1/colorado_ce1402db/2026-07-17_ad4ca41f/20260616193444_01.jpg,2026-07-17_ad4ca41f/20260616193436_01,1,animal,victor,2026-09-26T08:21:57+00:00,
colorado_ce1402db-20260909T225431Z-1-001_1/colorado_ce1402db/2026-07-17_ad4ca41f/20260616193445_01.jpg,2026-07-17_ad4ca41f/20260616193436_01,1,animal,victor,2026-09-26T08:21:57+00:00,
colorado_ce1402db-20260909T225431Z-1-001_1/colorado_ce1402db/2026-07-17_ad4ca41f/20260616193447_01.jpg,2026-07-17_ad4ca41f/20260616193436_01,1,animal,victor,2026-09-26T08:21:58+00:00,
colorado_ce1402db-20260909T225431Z-1-001_1/colorado_ce1402db/2026-07-17_ad4ca41f/20260616193449_01.jpg,2026-07-17_ad4ca41f/20260616193436_01,1,animal,victor,2026-09-26T08:21:59+00:00,
colorado_ce1402db-20260909T225431Z-1-001_1/colorado_ce1402db/2026-07-17_ad4ca41f/20260616193450_01.jpg,2026-07-17_ad4ca41f/20260616193436_01,0,empty,victor,2026-09-26T08:22:00+00:00,
colorado_ce1402db-20260909T225431Z-1-001_1/colorado_ce1402db/2026-07-17_ad4ca41f/20260616193452_01.jpg,2026-07-17_ad4ca41f/20260616193436_01,1,animal,victor,2026-09-26T08:22:01+00:00,
colorado_ce1402db-20260909T225431Z-1-001_1/colorado_ce1402db/2026-07-17_ad4ca41f/20260616193454_01.jpg,2026-07-17_ad4ca41f/20260616193436_01,1,animal,victor,2026-09-26T08:22:02+00:00,
colorado_ce1402db-20260909T225431Z-1-001_1/colorado_ce1402db/2026-07-17_ad4ca41f/20260616193455_01.jpg,2026-07-17_ad4ca41f/20260616193436_01,1,animal,victor,2026-09-26T08:22:02+00:00,
colorado_ce1402db-20260909T225431Z-1-001_1/colorado_ce1402db/2026-07-17_ad4ca41f/20260616193457_01.jpg,2026-07-17_ad4ca41f/20260616193436_01,1,animal,victor,2026-09-26T08:22:03+00:00,
colorado_ce1402db-20260909T225431Z-1-001_1/colorado_ce1402db/2026-07-17_ad4ca41f/20260616193459_01.jpg,2026-07-17_ad4ca41f/20260616193436_01,1,animal,victor,2026-09-26T08:22:03+00:00,
colorado_ce1402db-20260909T225431Z-1-001_1/colorado_ce1402db/2026-07-17_ad4ca41f/20260616193501_01.jpg,2026-07-17_ad4ca41f/20260616193436_01,1,animal,victor,2026-09-26T08:22:03+00:00,
colorado_ce1402db-20260909T225431Z-1-001_1/colorado_ce1402db/2026-07-17_ad4ca41f/20260616193502_01.jpg,2026-07-17_ad4ca41f/20260616193436_01,1,animal,victor,2026-09-26T08:22:04+00:00,
colorado_ce1402db-20260909T225431Z-1-001_1/colorado_ce1402db/2026-07-17_ad4ca41f/20260616193504_01.jpg,2026-07-17_ad4ca41f/20260616193436_01,1,animal,victor,2026-09-26T08:22:04+00:00,
colorado_ce1402db-20260909T225431Z-1-001_1/colorado_ce1402db/2026-07-17_ad4ca41f/20260616193506_01.jpg,2026-07-17_ad4ca41f/20260616193436_01,1,animal,victor,2026-09-26T08:22:04+00:00,
colorado_ce1402db-20260909T225431Z-1-001_1/colorado_ce1402db/2026-07-17_ad4ca41f/20260616193507_01.jpg,2026-07-17_ad4ca41f/20260616193436_01,1,animal,victor,2026-09-26T08:22:05+00:00,
colorado_ce1402db-20260909T225431Z-1-001_1/colorado_ce1402db/2026-07-17_ad4ca41f/20260616193509_01.jpg,2026-07-17_ad4ca41f/20260616193436_01,1,animal,victor,2026-09-26T08:22:05+00:00,
colorado_ce1402db-20260909T225431Z-1-001_1/colorado_ce1402db/2026-07-17_ad4ca41f/20260616193511_01.jpg,2026-07-17_ad4ca41f/20260616193436_01,1,animal,victor,2026-09-26T08:22:05+00:00,
colorado_ce1402db-20260909T225431Z-1-001_1/colorado_ce1402db/2026-07-17_ad4ca41f/20260616193512_01.jpg,2026-07-17_ad4ca41f/20260616193436_01,1,animal,victor,2026-09-26T08:22:06+00:00,
colorado_ce1402db-20260909T225431Z-1-001_1/colorado_ce1402db/2026-07-17_ad4ca41f/20260616193514_01.jpg,2026-07-17_ad4ca41f/20260616193436_01,1,animal,victor,2026-09-26T08:22:07+00:00,
colorado_ce1402db-20260909T225431Z-1-001_1/colorado_ce1402db/2026-07-17_ad4ca41f/20260616193516_01.jpg,2026-07-17_ad4ca41f/20260616193436_01,1,animal,victor,2026-09-26T08:22:07+00:00,
colorado_ce1402db-20260909T225431Z-1-001_1/colorado_ce1402db/2026-07-17_ad4ca41f/20260616193517_01.jpg,2026-07-17_ad4ca41f/20260616193436_01,1,animal,victor,2026-09-26T08:22:08+00:00,
colorado_ce1402db-20260909T225431Z-1-001_1/colorado_ce1402db/2026-07-17_ad4ca41f/20260616193519_01.jpg,2026-07-17_ad4ca41f/20260616193436_01,1,animal,victor,2026-09-26T08:22:08+00:00,
colorado_ce1402db-20260909T225431Z-1-001_1/colorado_ce1402db/2026-07-17_ad4ca41f/20260616193521_01.jpg,2026-07-17_ad4ca41f/20260616193436_01,1,animal,victor,2026-09-26T08:22:08+00:00,
colorado_ce1402db-20260909T225431Z-1-001_1/colorado_ce1402db/2026-07-17_ad4ca41f/20260616193522_01.jpg,2026-07-17_ad4ca41f/20260616193436_01,1,animal,victor,2026-09-26T08:22:09+00:00,
colorado_ce1402db-20260909T225431Z-1-001_1/colorado_ce1402db/2026-07-17_ad4ca41f/20260616193524_01.jpg,2026-07-17_ad4ca41f/20260616193436_01,1,animal,victor,2026-09-26T08:22:10+00:00,
colorado_ce1402db-20260909T225431Z-1-001_1/colorado_ce1402db/2026-07-17_ad4ca41f/20260616193526_01.jpg,2026-07-17_ad4ca41f/20260616193436_01,1,animal,victor,2026-09-26T08:22:10+00:00,
colorado_ce1402db-20260909T225431Z-1-001_1/colorado_ce1402db/2026-07-17_ad4ca41f/20260616193527_01.jpg,2026-07-17_ad4ca41f/20260616193436_01,1,animal,victor,2026-09-26T08:22:11+00:00,
colorado_ce1402db-20260909T225431Z-1-001_1/colorado_ce1402db/2026-07-17_ad4ca41f/20260616193529_01.jpg,2026-07-17_ad4ca41f/20260616193436_01,1,animal,victor,2026-09-26T08:22:11+00:00,
colorado_ce1402db-20260909T225431Z-1-001_1/colorado_ce1402db/2026-07-17_ad4ca41f/20260616193531_01.jpg,2026-07-17_ad4ca41f/20260616193436_01,1,animal,victor,2026-09-26T08:22:12+00:00,
colorado_ce1402db-20260909T225431Z-1-001_1/colorado_ce1402db/2026-07-17_ad4ca41f/20260616193532_01.jpg,2026-07-17_ad4ca41f/20260616193436_01,1,animal,victor,2026-09-26T08:22:12+00:00,
colorado_ce1402db-20260909T225431Z-1-001_1/colorado_ce1402db/2026-07-17_ad4ca41f/20260616193534_01.jpg,2026-07-17_ad4ca41f/20260616193436_01,1,animal,victor,2026-09-26T08:22:13+00:00,
colorado_ce1402db-20260909T225431Z-1-001_1/colorado_ce1402db/2026-07-17_ad4ca41f/20260616193536_01.jpg,2026-07-17_ad4ca41f/20260616193436_01,1,animal,victor,2026-09-26T08:22:14+00:00,
colorado_ce1402db-20260909T225431Z-1-001_1/colorado_ce1402db/2026-07-17_ad4ca41f/20260616193537_01.jpg,2026-07-17_ad4ca41f/20260616193436_01,1,animal,victor,2026-09-26T08:22:14+00:00,
colorado_ce1402db-20260909T225431Z-1-001_1/colorado_ce1402db/2026-07-17_ad4ca41f/20260616193539_01.jpg,2026-07-17_ad4ca41f/20260616193436_01,1,animal,victor,2026-09-26T08:22:15+00:00,
colorado_ce1402db-20260909T225431Z-1-001_1/colorado_ce1402db/2026-07-17_ad4ca41f/20260616193541_01.jpg,2026-07-17_ad4ca41f/20260616193436_01,1,animal,victor,2026-09-26T08:22:15+00:00,
colorado_ce1402db-20260909T225431Z-1-001_1/colorado_ce1402db/2026-07-17_ad4ca41f/20260616193542_01.jpg,2026-07-17_ad4ca41f/20260616193436_01,1,animal,victor,2026-09-26T08:22:15+00:00,
colorado_ce1402db-20260909T225431Z-1-001_1/colorado_ce1402db/2026-07-17_ad4ca41f/20260616193544_01.jpg,2026-07-17_ad4ca41f/20260616193436_01,1,animal,victor,2026-09-26T08:22:16+00:00,
colorado_ce1402db-20260909T225431Z-1-001_1/colorado_ce1402db/2026-07-17_ad4ca41f/20260616193546_01.jpg,2026-07-17_ad4ca41f/20260616193436_01,1,animal,victor,2026-09-26T08:22:16+00:00,
colorado_ce1402db-20260909T225431Z-1-001_1/colorado_ce1402db/2026-07-17_ad4ca41f/20260616193547_01.jpg,2026-07-17_ad4ca41f/20260616193436_01,1,animal,victor,2026-09-26T08:22:17+00:00,
colorado_ce1402db-20260909T225431Z-1-001_1/colorado_ce1402db/2026-07-17_ad4ca41f/20260616193549_01.jpg,2026-07-17_ad4ca41f/20260616193436_01,1,animal,victor,2026-09-26T08:22:17+00:00,
colorado_ce1402db-20260909T225431Z-1-001_1/colorado_ce1402db/2026-07-17_ad4ca41f/20260616193551_01.jpg,2026-07-17_ad4ca41f/20260616193436_01,1,animal,victor,2026-09-26T08:22:18+00:00,
colorado_ce1402db-20260909T225431Z-1-001_1/colorado_ce1402db/2026-07-17_ad4ca41f/20260616194057_01.jpg,2026-07-17_ad4ca41f/20260616194057_01,1,animal,victor,2026-09-26T08:22:18+00:00,
colorado_ce1402db-20260909T225431Z-1-001_1/colorado_ce1402db/2026-07-17_ad4ca41f/20260616194058_01.jpg,2026-07-17_ad4ca41f/20260616194057_01,1,animal,victor,2026-09-26T08:22:19+00:00,
colorado_ce1402db-20260909T225431Z-1-001_1/colorado_ce1402db/2026-07-17_ad4ca41f/20260616194100_01.jpg,2026-07-17_ad4ca41f/20260616194057_01,1,animal,victor,2026-09-26T08:22:19+00:00,
colorado_ce1402db-20260909T225431Z-1-001_1/colorado_ce1402db/2026-07-17_ad4ca41f/20260616194101_01.jpg,2026-07-17_ad4ca41f/20260616194057_01,1,animal,victor,2026-09-26T08:22:19+00:00,
colorado_ce1402db-20260909T225431Z-1-001_1/colorado_ce1402db/2026-07-17_ad4ca41f/20260616194103_01.jpg,2026-07-17_ad4ca41f/20260616194057_01,1,animal,victor,2026-09-26T08:22:20+00:00,
colorado_ce1402db-20260909T225431Z-1-001_1/colorado_ce1402db/2026-07-17_ad4ca41f/20260616194105_01.jpg,2026-07-17_ad4ca41f/20260616194057_01,1,animal,victor,2026-09-26T08:22:20+00:00,
colorado_ce1402db-20260909T225431Z-1-001_1/colorado_ce1402db/2026-07-17_ad4ca41f/20260616194107_01.jpg,2026-07-17_ad4ca41f/20260616194057_01,1,animal,victor,2026-09-26T08:22:20+00:00,
colorado_ce1402db-20260909T225431Z-1-001_1/colorado_ce1402db/2026-07-17_ad4ca41f/20260616194108_01.jpg,2026-07-17_ad4ca41f/20260616194057_01,1,animal,victor,2026-09-26T08:22:21+00:00,
colorado_ce1402db-20260909T225431Z-1-001_1/colorado_ce1402db/2026-07-17_ad4ca41f/20260616194110_01.jpg,2026-07-17_ad4ca41f/20260616194057_01,1,animal,victor,2026-09-26T08:22:21+00:00,
colorado_ce1402db-20260909T225431Z-1-001_1/colorado_ce1402db/2026-07-17_ad4ca41f/20260616194112_01.jpg,2026-07-17_ad4ca41f/20260616194057_01,1,animal,victor,2026-09-26T08:22:22+00:00,
colorado_ce1402db-20260909T225431Z-1-001_1/colorado_ce1402db/2026-07-17_ad4ca41f/20260616194113_01.jpg,2026-07-17_ad4ca41f/20260616194057_01,1,animal,victor,2026-09-26T08:22:22+00:00,
colorado_ce1402db-20260909T225431Z-1-001_1/colorado_ce1402db/2026-07-17_ad4ca41f/20260616194115_01.jpg,2026-07-17_ad4ca41f/20260616194057_01,1,animal,victor,2026-09-26T08:22:23+00:00,
colorado_ce1402db-20260909T225431Z-1-001_1/colorado_ce1402db/2026-07-17_ad4ca41f/20260616194117_01.jpg,2026-07-17_ad4ca41f/20260616194057_01,1,animal,victor,2026-09-26T08:22:23+00:00,
colorado_ce1402db-20260909T225431Z-1-001_1/colorado_ce1402db/2026-07-17_ad4ca41f/20260616194118_01.jpg,2026-07-17_ad4ca41f/20260616194057_01,1,animal,victor,2026-09-26T08:22:24+00:00,
colorado_ce1402db-20260909T225431Z-1-001_1/colorado_ce1402db/2026-07-17_ad4ca41f/20260616194120_01.jpg,2026-07-17_ad4ca41f/20260616194057_01,1,animal,victor,2026-09-26T08:22:24+00:00,
colorado_ce1402db-20260909T225431Z-1-001_1/colorado_ce1402db/2026-07-17_ad4ca41f/20260616194122_01.jpg,2026-07-17_ad4ca41f/20260616194057_01,1,animal,victor,2026-09-26T08:22:25+00:00,
colorado_ce1402db-20260909T225431Z-1-001_1/colorado_ce1402db/2026-07-17_ad4ca41f/20260616194123_01.jpg,2026-07-17_ad4ca41f/20260616194057_01,1,animal,victor,2026-09-26T08:22:25+00:00,
colorado_ce1402db-20260909T225431Z-1-001_1/colorado_ce1402db/2026-07-17_ad4ca41f/20260616194125_01.jpg,2026-07-17_ad4ca41f/20260616194057_01,1,animal,victor,2026-09-26T08:22:25+00:00,
colorado_ce1402db-20260909T225431Z-1-001_1/colorado_ce1402db/2026-07-17_ad4ca41f/20260616194127_01.jpg,2026-07-17_ad4ca41f/20260616194057_01,1,animal,victor,2026-09-26T08:22:26+00:00,
colorado_ce1402db-20260909T225431Z-1-001_1/colorado_ce1402db/2026-07-17_ad4ca41f/20260616194128_01.jpg,2026-07-17_ad4ca41f/20260616194057_01,1,animal,victor,2026-09-26T08:22:26+00:00,
colorado_ce1402db-20260909T225431Z-1-001_1/colorado_ce1402db/2026-07-17_ad4ca41f/20260616194130_01.jpg,2026-07-17_ad4ca41f/20260616194057_01,1,animal,victor,2026-09-26T08:22:26+00:00,
colorado_ce1402db-20260909T225431Z-1-001_1/colorado_ce1402db/2026-07-17_ad4ca41f/20260616194132_01.jpg,2026-07-17_ad4ca41f/20260616194057_01,1,animal,victor,2026-09-26T08:22:27+00:00,
colorado_ce1402db-20260909T225431Z-1-001_1/colorado_ce1402db/2026-07-17_ad4ca41f/20260616194133_01.jpg,2026-07-17_ad4ca41f/20260616194057_01,1,animal,victor,2026-09-26T08:22:27+00:00,
colorado_ce1402db-20260909T225431Z-1-001_1/colorado_ce1402db/2026-07-17_ad4ca41f/20260616194135_01.jpg,2026-07-17_ad4ca41f/20260616194057_01,1,animal,victor,2026-09-26T08:22:27+00:00,
colorado_ce1402db-20260909T225431Z-1-001_1/colorado_ce1402db/2026-07-17_ad4ca41f/20260616194137_01.jpg,2026-07-17_ad4ca41f/20260616194057_01,1,animal,victor,2026-09-26T08:22:28+00:00,
colorado_ce1402db-20260909T225431Z-1-001_1/colorado_ce1402db/2026-07-17_ad4ca41f/20260616194138_01.jpg,2026-07-17_ad4ca41f/20260616194057_01,1,animal,victor,2026-09-26T08:22:28+00:00,
colorado_ce1402db-20260909T225431Z-1-001_1/colorado_ce1402db/2026-07-17_ad4ca41f/20260616194140_01.jpg,2026-07-17_ad4ca41f/20260616194057_01,1,animal,victor,2026-09-26T08:22:29+00:00,
colorado_ce1402db-20260909T225431Z-1-001_1/colorado_ce1402db/2026-07-17_ad4ca41f/20260616194142_01.jpg,2026-07-17_ad4ca41f/20260616194057_01,1,animal,victor,2026-09-26T08:22:29+00:00,
colorado_ce1402db-20260909T225431Z-1-001_1/colorado_ce1402db/2026-07-17_ad4ca41f/20260616194143_01.jpg,2026-07-17_ad4ca41f/20260616194057_01,1,animal,victor,2026-09-26T08:22:29+00:00,
colorado_ce1402db-20260909T225431Z-1-001_1/colorado_ce1402db/2026-07-17_ad4ca41f/20260616194145_01.jpg,2026-07-17_ad4ca41f/20260616194057_01,1,animal,victor,2026-09-26T08:22:30+00:00,
colorado_ce1402db-20260909T225431Z-1-001_1/colorado_ce1402db/2026-07-17_ad4ca41f/20260616194147_01.jpg,2026-07-17_ad4ca41f/20260616194057_01,1,animal,victor,2026-09-26T08:22:30+00:00,
colorado_ce1402db-20260909T225431Z-1-001_1/colorado_ce1402db/2026-07-17_ad4ca41f/20260616194148_01.jpg,2026-07-17_ad4ca41f/20260616194057_01,1,animal,victor,2026-09-26T08:22:30+00:00,
colorado_ce1402db-20260909T225431Z-1-001_1/colorado_ce1402db/2026-07-17_ad4ca41f/20260616194150_01.jpg,2026-07-17_ad4ca41f/20260616194057_01,1,animal,victor,2026-09-26T08:22:31+00:00,
colorado_ce1402db-20260909T225431Z-1-001_1/colorado_ce1402db/2026-07-17_ad4ca41f/20260616194152_01.jpg,2026-07-17_ad4ca41f/20260616194057_01,1,animal,victor,2026-09-26T08:22:31+00:00,
colorado_ce1402db-20260909T225431Z-1-001_1/colorado_ce1402db/2026-07-17_ad4ca41f/20260616194155_01.jpg,2026-07-17_ad4ca41f/20260616194057_01,1,animal,victor,2026-09-26T08:22:32+00:00,
colorado_ce1402db-20260909T225431Z-1-001_1/colorado_ce1402db/2026-07-17_ad4ca41f/20260616194200_01.jpg,2026-07-17_ad4ca41f/20260616194057_01,0,empty,victor,2026-09-26T08:22:34+00:00,
colorado_ce1402db-20260909T225431Z-1-001_1/colorado_ce1402db/2026-07-17_ad4ca41f/20260616194210_01.jpg,2026-07-17_ad4ca41f/20260616194057_01,1,animal,victor,2026-09-26T08:22:35+00:00,
colorado_ce1402db-20260909T225431Z-1-001_1/colorado_ce1402db/2026-07-17_ad4ca41f/20260616194222_01.jpg,2026-07-17_ad4ca41f/20260616194222_01,1,animal,victor,2026-09-26T08:22:35+00:00,
colorado_ce1402db-20260909T225431Z-1-001_1/colorado_ce1402db/2026-07-17_ad4ca41f/20260616194732_01.jpg,2026-07-17_ad4ca41f/20260616194732_01,1,animal,victor,2026-09-26T08:22:37+00:00,
colorado_ce1402db-20260909T225431Z-1-001_1/colorado_ce1402db/2026-07-17_ad4ca41f/20260616194736_01.jpg,2026-07-17_ad4ca41f/20260616194732_01,0,empty,victor,2026-09-26T08:22:39+00:00,
colorado_ce1402db-20260909T225431Z-1-001_1/colorado_ce1402db/2026-07-17_ad4ca41f/20260616194741_01.jpg,2026-07-17_ad4ca41f/20260616194732_01,1,animal,victor,2026-09-26T08:22:40+00:00,
colorado_ce1402db-20260909T225431Z-1-001_1/colorado_ce1402db/2026-07-17_ad4ca41f/20260616194746_01.jpg,2026-07-17_ad4ca41f/20260616194732_01,1,animal,victor,2026-09-26T08:22:41+00:00,
colorado_ce1402db-20260909T225431Z-1-001_1/colorado_ce1402db/2026-07-17_ad4ca41f/20260616194757_01.jpg,2026-07-17_ad4ca41f/20260616194757_01,1,animal,victor,2026-09-26T08:22:42+00:00,
colorado_ce1402db-20260909T225431Z-1-001_1/colorado_ce1402db/2026-07-17_ad4ca41f/20260616201915_01.jpg,2026-07-17_ad4ca41f/20260616201915_01,0,empty,victor,2026-09-26T08:22:43+00:00,
colorado_ce1402db-20260909T225432Z-1-001/colorado_ce1402db/2026-07-17_ad4ca41f/20260616181242_01.jpg,2026-07-17_ad4ca41f/20260616181242_01,1,animal,victor,2026-09-26T08:22:44+00:00,
colorado_ce1402db-20260909T225432Z-1-001/colorado_ce1402db/2026-07-17_ad4ca41f/20260616181251_01.jpg,2026-07-17_ad4ca41f/20260616181242_01,1,animal,victor,2026-09-26T08:22:46+00:00,
colorado_ce1402db-20260909T225432Z-1-001/colorado_ce1402db/2026-07-17_ad4ca41f/20260616181301_01.jpg,2026-07-17_ad4ca41f/20260616181242_01,1,animal,victor,2026-09-26T08:22:47+00:00,
colorado_ce1402db-20260909T225432Z-1-001/colorado_ce1402db/2026-07-17_ad4ca41f/20260616181309_01.jpg,2026-07-17_ad4ca41f/20260616181242_01,1,animal,victor,2026-09-26T08:22:48+00:00,
colorado_ce1402db-20260909T225432Z-1-001/colorado_ce1402db/2026-07-17_ad4ca41f/20260616181818_01.jpg,2026-07-17_ad4ca41f/20260616181818_01,1,animal,victor,2026-09-26T08:22:48+00:00,
colorado_ce1402db-20260909T225432Z-1-001/colorado_ce1402db/2026-07-17_ad4ca41f/20260616181825_01.jpg,2026-07-17_ad4ca41f/20260616181818_01,1,animal,victor,2026-09-26T08:22:49+00:00,
colorado_ce1402db-20260909T225432Z-1-001/colorado_ce1402db/2026-07-17_ad4ca41f/20260616181911_01.jpg,2026-07-17_ad4ca41f/20260616181911_01,1,animal,victor,2026-09-26T08:22:49+00:00,
colorado_ce1402db-20260909T225432Z-1-001/colorado_ce1402db/2026-07-17_ad4ca41f/20260616181927_01.jpg,2026-07-17_ad4ca41f/20260616181927_01,1,animal,victor,2026-09-26T08:22:50+00:00,
colorado_ce1402db-20260909T225432Z-1-001/colorado_ce1402db/2026-07-17_ad4ca41f/20260616181938_01.jpg,2026-07-17_ad4ca41f/20260616181938_01,1,animal,victor,2026-09-26T08:22:50+00:00,
colorado_ce1402db-20260909T225432Z-1-001/colorado_ce1402db/2026-07-17_ad4ca41f/20260616182017_01.jpg,2026-07-17_ad4ca41f/20260616182017_01,1,animal,victor,2026-09-26T08:22:51+00:00,
colorado_ce1402db-20260909T225432Z-1-001/colorado_ce1402db/2026-07-17_ad4ca41f/20260616194157_01.jpg,2026-07-17_ad4ca41f/20260616194157_01,1,animal,victor,2026-09-26T08:22:51+00:00,
colorado_ce1402db-20260909T225432Z-1-001/colorado_ce1402db/2026-07-17_ad4ca41f/20260616194202_01.jpg,2026-07-17_ad4ca41f/20260616194157_01,0,empty,victor,2026-09-26T08:22:57+00:00,
colorado_ce1402db-20260909T225432Z-1-001/colorado_ce1402db/2026-07-17_ad4ca41f/20260616194203_01.jpg,2026-07-17_ad4ca41f/20260616194157_01,1,animal,victor,2026-09-26T08:22:57+00:00,
colorado_ce1402db-20260909T225432Z-1-001/colorado_ce1402db/2026-07-17_ad4ca41f/20260616194205_01.jpg,2026-07-17_ad4ca41f/20260616194157_01,1,animal,victor,2026-09-26T08:22:58+00:00,
colorado_ce1402db-20260909T225432Z-1-001/colorado_ce1402db/2026-07-17_ad4ca41f/20260616194208_01.jpg,2026-07-17_ad4ca41f/20260616194157_01,1,animal,victor,2026-09-26T08:22:59+00:00,
colorado_ce1402db-20260909T225432Z-1-001/colorado_ce1402db/2026-07-17_ad4ca41f/20260616194212_01.jpg,2026-07-17_ad4ca41f/20260616194157_01,1,animal,victor,2026-09-26T08:22:59+00:00,
colorado_ce1402db-20260909T225432Z-1-001/colorado_ce1402db/2026-07-17_ad4ca41f/20260616194213_01.jpg,2026-07-17_ad4ca41f/20260616194157_01,1,animal,victor,2026-09-26T08:23:00+00:00,
colorado_ce1402db-20260909T225432Z-1-001/colorado_ce1402db/2026-07-17_ad4ca41f/20260616194217_01.jpg,2026-07-17_ad4ca41f/20260616194157_01,1,animal,victor,2026-09-26T08:23:00+00:00,
colorado_ce1402db-20260909T225432Z-1-001/colorado_ce1402db/2026-07-17_ad4ca41f/20260616194220_01.jpg,2026-07-17_ad4ca41f/20260616194157_01,1,animal,victor,2026-09-26T08:23:00+00:00,
colorado_ce1402db-20260909T225432Z-1-001/colorado_ce1402db/2026-07-17_ad4ca41f/20260616194731_01.jpg,2026-07-17_ad4ca41f/20260616194731_01,1,animal,victor,2026-09-26T08:23:01+00:00,
colorado_ce1402db-20260909T225432Z-1-001/colorado_ce1402db/2026-07-17_ad4ca41f/20260616194734_01.jpg,2026-07-17_ad4ca41f/20260616194731_01,1,animal,victor,2026-09-26T08:23:01+00:00,
colorado_ce1402db-20260909T225432Z-1-001/colorado_ce1402db/2026-07-17_ad4ca41f/20260616194737_01.jpg,2026-07-17_ad4ca41f/20260616194731_01,1,animal,victor,2026-09-26T08:23:02+00:00,
colorado_ce1402db-20260909T225432Z-1-001/colorado_ce1402db/2026-07-17_ad4ca41f/20260616194739_01.jpg,2026-07-17_ad4ca41f/20260616194731_01,1,animal,victor,2026-09-26T08:23:02+00:00,
colorado_ce1402db-20260909T225432Z-1-001/colorado_ce1402db/2026-07-17_ad4ca41f/20260616194744_01.jpg,2026-07-17_ad4ca41f/20260616194731_01,1,animal,victor,2026-09-26T08:23:03+00:00,
colorado_ce1402db-20260909T225432Z-1-001/colorado_ce1402db/2026-07-17_ad4ca41f/20260616194747_01.jpg,2026-07-17_ad4ca41f/20260616194731_01,1,animal,victor,2026-09-26T08:23:03+00:00,
colorado_ce1402db-20260909T225432Z-1-001/colorado_ce1402db/2026-07-17_ad4ca41f/20260616194749_01.jpg,2026-07-17_ad4ca41f/20260616194731_01,1,animal,victor,2026-09-26T08:23:03+00:00,
colorado_ce1402db-20260909T225432Z-1-001/colorado_ce1402db/2026-07-17_ad4ca41f/20260616194752_01.jpg,2026-07-17_ad4ca41f/20260616194731_01,1,animal,victor,2026-09-26T08:23:04+00:00,
colorado_ce1402db-20260909T225432Z-1-001/colorado_ce1402db/2026-07-17_ad4ca41f/20260616194756_01.jpg,2026-07-17_ad4ca41f/20260616194731_01,1,animal,victor,2026-09-26T08:23:04+00:00,
colorado_ce1402db-20260909T225432Z-1-001/colorado_ce1402db/2026-07-17_ad4ca41f/20260616201912_01.jpg,2026-07-17_ad4ca41f/20260616201912_01,0,empty,victor,2026-09-26T08:23:06+00:00,
colorado_ce1402db-20260909T225432Z-1-001/colorado_ce1402db/2026-07-17_ad4ca41f/20260616201917_01.jpg,2026-07-17_ad4ca41f/20260616201912_01,0,empty,victor,2026-09-26T08:23:07+00:00,
